Sakura.Tools.Aoe2FontGenerator.g.resources:charsetmappingsettingpanel.baml,Me:Sakura.Tools.Aoe2FontGenerator.Controls.CharSetMappingSettingPanel.$Content,None,TRUE,TRUE,,#Grid_1;
Sakura.Tools.Aoe2FontGenerator.g.resources:charsetmappingsettingpanel.baml,ConfigButton:System.Windows.Controls.Button.$Content,Button,TRUE,TRUE,,#Image_1;
Sakura.Tools.Aoe2FontGenerator.g.resources:charsetmappingsettingpanel.baml,ConfigButton:System.Windows.Controls.Panel.ZIndex,None,FALSE,TRUE,,10
Sakura.Tools.Aoe2FontGenerator.g.resources:charsetmappingsettingpanel.baml,ConfigButton:System.Windows.FrameworkElement.Margin,None,FALSE,TRUE,,3
Sakura.Tools.Aoe2FontGenerator.g.resources:charsetmappingsettingpanel.baml,ConfigButton:System.Windows.FrameworkElement.HorizontalAlignment,None,FALSE,TRUE,,Right
Sakura.Tools.Aoe2FontGenerator.g.resources:charsetmappingsettingpanel.baml,ConfigButton:System.Windows.FrameworkElement.VerticalAlignment,None,FALSE,TRUE,,Top
Sakura.Tools.Aoe2FontGenerator.g.resources:charsetmappingsettingpanel.baml,Image_1:System.Windows.Controls.Image.$Content,None,FALSE,TRUE,,0
Sakura.Tools.Aoe2FontGenerator.g.resources:charsetmappingsettingpanel.baml,Image_1:System.Windows.Controls.Image.Source,None,FALSE,TRUE,,/Images/Settings_16x.png
Sakura.Tools.Aoe2FontGenerator.g.resources:charsetmappingsettingpanel.baml,Image_1:System.Windows.Controls.Image.Stretch,None,TRUE,FALSE,,None
Sakura.Tools.Aoe2FontGenerator.g.resources:charsetmappingsettingpanel.baml,Label_1:System.Windows.Controls.Label.$Content,Label,TRUE,TRUE,,字体
Sakura.Tools.Aoe2FontGenerator.g.resources:charsetmappingsettingpanel.baml,Label_1:System.Windows.FrameworkElement.Margin,None,FALSE,TRUE,,3
Sakura.Tools.Aoe2FontGenerator.g.resources:charsetmappingsettingpanel.baml,Label_1:System.Windows.Controls.Grid.Row,None,FALSE,TRUE,,0
Sakura.Tools.Aoe2FontGenerator.g.resources:charsetmappingsettingpanel.baml,Label_1:System.Windows.Controls.Grid.Column,None,FALSE,TRUE,,0
Sakura.Tools.Aoe2FontGenerator.g.resources:charsetmappingsettingpanel.baml,Label_1:System.Windows.Controls.Control.FontWeight,None,TRUE,TRUE,,Bold
Sakura.Tools.Aoe2FontGenerator.g.resources:charsetmappingsettingpanel.baml,Label_2:System.Windows.Controls.Label.$Content,Label,TRUE,TRUE,,字符集
Sakura.Tools.Aoe2FontGenerator.g.resources:charsetmappingsettingpanel.baml,Label_2:System.Windows.FrameworkElement.Margin,None,FALSE,TRUE,,3
Sakura.Tools.Aoe2FontGenerator.g.resources:charsetmappingsettingpanel.baml,Label_2:System.Windows.Controls.Grid.Row,None,FALSE,TRUE,,1
Sakura.Tools.Aoe2FontGenerator.g.resources:charsetmappingsettingpanel.baml,Label_2:System.Windows.Controls.Grid.Column,None,FALSE,TRUE,,0
Sakura.Tools.Aoe2FontGenerator.g.resources:charsetmappingsettingpanel.baml,Label_2:System.Windows.Controls.Control.FontWeight,None,TRUE,TRUE,,Bold
Sakura.Tools.Aoe2FontGenerator.g.resources:charsetmappingsettingpanel.baml,Label_3:System.Windows.Controls.Label.$Content,Label,TRUE,TRUE,,设置
Sakura.Tools.Aoe2FontGenerator.g.resources:charsetmappingsettingpanel.baml,Label_3:System.Windows.FrameworkElement.Margin,None,FALSE,TRUE,,3
Sakura.Tools.Aoe2FontGenerator.g.resources:charsetmappingsettingpanel.baml,Label_3:System.Windows.Controls.Grid.Row,None,FALSE,TRUE,,2
Sakura.Tools.Aoe2FontGenerator.g.resources:charsetmappingsettingpanel.baml,Label_3:System.Windows.Controls.Grid.Column,None,FALSE,TRUE,,0
Sakura.Tools.Aoe2FontGenerator.g.resources:charsetmappingsettingpanel.baml,Label_3:System.Windows.Controls.Control.FontWeight,None,TRUE,TRUE,,Bold
Sakura.Tools.Aoe2FontGenerator.g.resources:charsetmappingsettingpanel.baml,ContentControl_1:System.Windows.Controls.ContentControl.$Content,None,FALSE,TRUE,,0
Sakura.Tools.Aoe2FontGenerator.g.resources:charsetmappingsettingpanel.baml,ContentControl_1:System.Windows.FrameworkElement.Margin,None,FALSE,TRUE,,3
Sakura.Tools.Aoe2FontGenerator.g.resources:charsetmappingsettingpanel.baml,ContentControl_1:System.Windows.Controls.Grid.Row,None,FALSE,TRUE,,0
Sakura.Tools.Aoe2FontGenerator.g.resources:charsetmappingsettingpanel.baml,ContentControl_1:System.Windows.Controls.Grid.Column,None,FALSE,TRUE,,1
Sakura.Tools.Aoe2FontGenerator.g.resources:charsetmappingsettingpanel.baml,ContentControl_2:System.Windows.Controls.ContentControl.$Content,None,FALSE,TRUE,,0
Sakura.Tools.Aoe2FontGenerator.g.resources:charsetmappingsettingpanel.baml,ContentControl_2:System.Windows.FrameworkElement.Margin,None,FALSE,TRUE,,3
Sakura.Tools.Aoe2FontGenerator.g.resources:charsetmappingsettingpanel.baml,ContentControl_2:System.Windows.Controls.Grid.Row,None,FALSE,TRUE,,1
Sakura.Tools.Aoe2FontGenerator.g.resources:charsetmappingsettingpanel.baml,ContentControl_2:System.Windows.Controls.Grid.Column,None,FALSE,TRUE,,1
Sakura.Tools.Aoe2FontGenerator.g.resources:charsetmappingsettingpanel.baml,ContentControl_3:System.Windows.Controls.ContentControl.$Content,None,FALSE,TRUE,,0
Sakura.Tools.Aoe2FontGenerator.g.resources:charsetmappingsettingpanel.baml,ContentControl_3:System.Windows.FrameworkElement.Margin,None,FALSE,TRUE,,3
Sakura.Tools.Aoe2FontGenerator.g.resources:charsetmappingsettingpanel.baml,ContentControl_3:System.Windows.Controls.Grid.Row,None,FALSE,TRUE,,2
Sakura.Tools.Aoe2FontGenerator.g.resources:charsetmappingsettingpanel.baml,ContentControl_3:System.Windows.Controls.Grid.Column,None,FALSE,TRUE,,1
Sakura.Tools.Aoe2FontGenerator.g.resources:charsetmappingsettingpanel.baml,ContentControl_3:System.Windows.Controls.Control.VerticalContentAlignment,None,FALSE,TRUE,,Center
Sakura.Tools.Aoe2FontGenerator.g.resources:styles.baml,Setter_1:System.Windows.Setter.Property,None,FALSE,FALSE,,Control.Padding
Sakura.Tools.Aoe2FontGenerator.g.resources:styles.baml,Setter_1:System.Windows.Setter.Value,None,FALSE,TRUE,,3
Sakura.Tools.Aoe2FontGenerator.g.resources:styles.baml,Setter_2:System.Windows.Setter.Property,None,FALSE,FALSE,,FrameworkElement.MinWidth
Sakura.Tools.Aoe2FontGenerator.g.resources:styles.baml,Setter_2:System.Windows.Setter.Value,None,FALSE,TRUE,,75
Sakura.Tools.Aoe2FontGenerator.g.resources:styles.baml,Setter_3:System.Windows.Setter.Property,None,FALSE,FALSE,,FrameworkElement.MinHeight
Sakura.Tools.Aoe2FontGenerator.g.resources:styles.baml,Setter_3:System.Windows.Setter.Value,None,FALSE,TRUE,,24
Sakura.Tools.Aoe2FontGenerator.g.resources:styles.baml,Setter_4:System.Windows.Setter.Property,None,FALSE,FALSE,,Control.Padding
Sakura.Tools.Aoe2FontGenerator.g.resources:styles.baml,Setter_4:System.Windows.Setter.Value,None,FALSE,TRUE,,3
Sakura.Tools.Aoe2FontGenerator.g.resources:styles.baml,Setter_5:System.Windows.Setter.Property,None,FALSE,FALSE,,FrameworkElement.MinWidth
Sakura.Tools.Aoe2FontGenerator.g.resources:styles.baml,Setter_5:System.Windows.Setter.Value,None,FALSE,TRUE,,0
Sakura.Tools.Aoe2FontGenerator.g.resources:styles.baml,Setter_6:System.Windows.Setter.Property,None,FALSE,FALSE,,FrameworkElement.MinHeight
Sakura.Tools.Aoe2FontGenerator.g.resources:styles.baml,Setter_6:System.Windows.Setter.Value,None,FALSE,TRUE,,0
Sakura.Tools.Aoe2FontGenerator.g.resources:styles.baml,Setter_7:System.Windows.Setter.Property,None,FALSE,FALSE,,Control.Padding
Sakura.Tools.Aoe2FontGenerator.g.resources:styles.baml,Setter_7:System.Windows.Setter.Value,None,FALSE,TRUE,,3
Sakura.Tools.Aoe2FontGenerator.g.resources:styles.baml,Setter_8:System.Windows.Setter.Property,None,FALSE,FALSE,,Control.VerticalContentAlignment
Sakura.Tools.Aoe2FontGenerator.g.resources:styles.baml,Setter_8:System.Windows.Setter.Value,None,FALSE,TRUE,,Center
Sakura.Tools.Aoe2FontGenerator.g.resources:styles.baml,Setter_9:System.Windows.Setter.Property,None,FALSE,FALSE,,FrameworkElement.VerticalAlignment
Sakura.Tools.Aoe2FontGenerator.g.resources:styles.baml,Setter_9:System.Windows.Setter.Value,None,FALSE,TRUE,,Center
Sakura.Tools.Aoe2FontGenerator.g.resources:styles.baml,Setter_10:System.Windows.Setter.Property,None,FALSE,FALSE,,FrameworkElement.HorizontalAlignment
Sakura.Tools.Aoe2FontGenerator.g.resources:styles.baml,Setter_10:System.Windows.Setter.Value,None,FALSE,TRUE,,Right
Sakura.Tools.Aoe2FontGenerator.g.resources:styles.baml,Setter_11:System.Windows.Setter.Property,None,FALSE,FALSE,,Control.Padding
Sakura.Tools.Aoe2FontGenerator.g.resources:styles.baml,Setter_11:System.Windows.Setter.Value,None,FALSE,TRUE,,0
Sakura.Tools.Aoe2FontGenerator.g.resources:styles.baml,Setter_12:System.Windows.Setter.Property,None,FALSE,FALSE,,TextElement.Foreground
Sakura.Tools.Aoe2FontGenerator.g.resources:styles.baml,Setter_12:System.Windows.Setter.Value,None,FALSE,TRUE,,\#FF808080
Sakura.Tools.Aoe2FontGenerator.g.resources:styles.baml,Setter_13:System.Windows.Setter.Property,None,FALSE,FALSE,,TextBlock.TextWrapping
Sakura.Tools.Aoe2FontGenerator.g.resources:styles.baml,Setter_13:System.Windows.Setter.Value,None,FALSE,TRUE,,Wrap
Sakura.Tools.Aoe2FontGenerator.g.resources:styles.baml,Setter_14:System.Windows.Setter.Property,None,FALSE,FALSE,,FrameworkElement.VerticalAlignment
Sakura.Tools.Aoe2FontGenerator.g.resources:styles.baml,Setter_14:System.Windows.Setter.Value,None,FALSE,TRUE,,Top
Sakura.Tools.Aoe2FontGenerator.g.resources:styles.baml,Setter_15:System.Windows.Setter.Property,None,FALSE,FALSE,,FrameworkElement.HorizontalAlignment
Sakura.Tools.Aoe2FontGenerator.g.resources:styles.baml,Setter_15:System.Windows.Setter.Value,None,FALSE,TRUE,,Left
Sakura.Tools.Aoe2FontGenerator.g.resources:styles.baml,Setter_16:System.Windows.Setter.Property,None,FALSE,FALSE,,ItemsControl.ItemContainerStyle
Sakura.Tools.Aoe2FontGenerator.g.resources:styles.baml,Setter_17:System.Windows.Setter.Property,None,FALSE,FALSE,,Control.Padding
Sakura.Tools.Aoe2FontGenerator.g.resources:styles.baml,Setter_17:System.Windows.Setter.Value,None,FALSE,TRUE,,3
Sakura.Tools.Aoe2FontGenerator.g.resources:styles.baml,Setter_18:System.Windows.Setter.Property,None,FALSE,FALSE,,Block.Margin
Sakura.Tools.Aoe2FontGenerator.g.resources:styles.baml,Setter_18:System.Windows.Setter.Value,None,FALSE,TRUE,,0
Sakura.Tools.Aoe2FontGenerator.g.resources:styles.baml,Image_1:System.Windows.Controls.Image.$Content,None,FALSE,TRUE,,0
Sakura.Tools.Aoe2FontGenerator.g.resources:styles.baml,Image_1:System.Windows.Controls.Grid.Column,None,FALSE,TRUE,,0
Sakura.Tools.Aoe2FontGenerator.g.resources:styles.baml,Image_1:System.Windows.FrameworkElement.VerticalAlignment,None,FALSE,TRUE,,Center
Sakura.Tools.Aoe2FontGenerator.g.resources:styles.baml,AccessText_1:System.Windows.Controls.Grid.Column,None,FALSE,TRUE,,1
Sakura.Tools.Aoe2FontGenerator.g.resources:styles.baml,AccessText_1:System.Windows.FrameworkElement.VerticalAlignment,None,FALSE,TRUE,,Center
Sakura.Tools.Aoe2FontGenerator.g.resources:styles.baml,AccessText_1:System.Windows.FrameworkElement.HorizontalAlignment,None,FALSE,TRUE,,Center
Sakura.Tools.Aoe2FontGenerator.g.resources:styles.baml,AccessText_1:System.Windows.FrameworkElement.Margin,None,FALSE,TRUE,,"3,0,0,0"
Sakura.Tools.Aoe2FontGenerator.g.resources:styles.baml,Image_2:System.Windows.Controls.Image.$Content,None,FALSE,TRUE,,0
Sakura.Tools.Aoe2FontGenerator.g.resources:styles.baml,Image_2:System.Windows.Controls.Grid.Column,None,FALSE,TRUE,,0
Sakura.Tools.Aoe2FontGenerator.g.resources:styles.baml,Image_2:System.Windows.FrameworkElement.VerticalAlignment,None,FALSE,TRUE,,Center
Sakura.Tools.Aoe2FontGenerator.g.resources:styles.baml,AccessText_2:System.Windows.Controls.Grid.Column,None,FALSE,TRUE,,1
Sakura.Tools.Aoe2FontGenerator.g.resources:styles.baml,AccessText_2:System.Windows.FrameworkElement.VerticalAlignment,None,FALSE,TRUE,,Center
Sakura.Tools.Aoe2FontGenerator.g.resources:styles.baml,AccessText_2:System.Windows.FrameworkElement.HorizontalAlignment,None,FALSE,TRUE,,Center
Sakura.Tools.Aoe2FontGenerator.g.resources:styles.baml,AccessText_2:System.Windows.FrameworkElement.Margin,None,FALSE,TRUE,,"3,0,0,0"
Sakura.Tools.Aoe2FontGenerator.g.resources:styles.baml,TextBlock_1:System.Windows.Controls.TextBlock.$Content,Text,TRUE,TRUE,,#TextBlock_2; #TextBlock_3;
Sakura.Tools.Aoe2FontGenerator.g.resources:styles.baml,TextBlock_2:System.Windows.Controls.TextBlock.$Content,Text,TRUE,TRUE,,系统字体
Sakura.Tools.Aoe2FontGenerator.g.resources:styles.baml,TextBlock_3:System.Windows.Controls.TextBlock.$Content,Text,TRUE,TRUE,,0
Sakura.Tools.Aoe2FontGenerator.g.resources:styles.baml,TextBlock_3:System.Windows.FrameworkElement.Margin,None,FALSE,TRUE,,"3,0,0,0"
Sakura.Tools.Aoe2FontGenerator.g.resources:styles.baml,TextBlock_3:System.Windows.Controls.TextBlock.Foreground,None,FALSE,TRUE,,\#FF808080
Sakura.Tools.Aoe2FontGenerator.g.resources:styles.baml,TextBlock_4:System.Windows.Controls.TextBlock.$Content,Text,TRUE,TRUE,,#TextBlock_5; #TextBlock_6;
Sakura.Tools.Aoe2FontGenerator.g.resources:styles.baml,TextBlock_5:System.Windows.Controls.TextBlock.$Content,Text,TRUE,TRUE,,字体文件
Sakura.Tools.Aoe2FontGenerator.g.resources:styles.baml,TextBlock_6:System.Windows.Controls.TextBlock.$Content,Text,TRUE,TRUE,,0
Sakura.Tools.Aoe2FontGenerator.g.resources:styles.baml,TextBlock_6:System.Windows.FrameworkElement.Margin,None,FALSE,TRUE,,"3,0,0,0"
Sakura.Tools.Aoe2FontGenerator.g.resources:styles.baml,TextBlock_6:System.Windows.Controls.TextBlock.Foreground,None,FALSE,TRUE,,\#FF808080
Sakura.Tools.Aoe2FontGenerator.g.resources:styles.baml,TextBlock_7:System.Windows.Controls.TextBlock.$Content,Text,TRUE,TRUE,,全部
Sakura.Tools.Aoe2FontGenerator.g.resources:styles.baml,TextBlock_8:System.Windows.Controls.TextBlock.$Content,Text,TRUE,TRUE,,#TextBlock_9; #TextBlock_10;
Sakura.Tools.Aoe2FontGenerator.g.resources:styles.baml,TextBlock_9:System.Windows.Controls.TextBlock.$Content,Text,TRUE,TRUE,,Unicode 编码范围
Sakura.Tools.Aoe2FontGenerator.g.resources:styles.baml,TextBlock_10:System.Windows.Controls.TextBlock.$Content,Text,TRUE,TRUE,,0
Sakura.Tools.Aoe2FontGenerator.g.resources:styles.baml,TextBlock_10:System.Windows.FrameworkElement.Margin,None,FALSE,TRUE,,"3,0,0,0"
Sakura.Tools.Aoe2FontGenerator.g.resources:styles.baml,TextBlock_11:System.Windows.Controls.TextBlock.$Content,Text,TRUE,TRUE,,#TextBlock_12; #TextBlock_13;
Sakura.Tools.Aoe2FontGenerator.g.resources:styles.baml,TextBlock_12:System.Windows.Controls.TextBlock.$Content,Text,TRUE,TRUE,,字符串
Sakura.Tools.Aoe2FontGenerator.g.resources:styles.baml,TextBlock_13:System.Windows.Controls.TextBlock.$Content,Text,TRUE,TRUE,,0
Sakura.Tools.Aoe2FontGenerator.g.resources:styles.baml,TextBlock_13:System.Windows.FrameworkElement.Margin,None,FALSE,TRUE,,"3,0,0,0"
Sakura.Tools.Aoe2FontGenerator.g.resources:styles.baml,TextBlock_13:System.Windows.Controls.TextBlock.TextTrimming,None,FALSE,TRUE,,CharacterEllipsis
Sakura.Tools.Aoe2FontGenerator.g.resources:styles.baml,TextBlock_14:System.Windows.Controls.TextBlock.$Content,Text,TRUE,TRUE,,0
Sakura.Tools.Aoe2FontGenerator.g.resources:styles.baml,TextBlock_14:System.Windows.Controls.TextBlock.Text,Text,TRUE,TRUE,,未选择
Sakura.Tools.Aoe2FontGenerator.g.resources:styles.baml,TextBlock_14:System.Windows.Controls.TextBlock.Foreground,None,FALSE,TRUE,,\#FF808080
Sakura.Tools.Aoe2FontGenerator.g.resources:styles.baml,StackPanel_1:System.Windows.Controls.StackPanel.Orientation,None,FALSE,TRUE,,Horizontal
Sakura.Tools.Aoe2FontGenerator.g.resources:styles.baml,TextBlock_15:System.Windows.Controls.TextBlock.$Content,Text,TRUE,TRUE,,字形缩放比例
Sakura.Tools.Aoe2FontGenerator.g.resources:styles.baml,TextBlock_15:System.Windows.FrameworkElement.VerticalAlignment,None,FALSE,TRUE,,Center
Sakura.Tools.Aoe2FontGenerator.g.resources:styles.baml,TextBlock_16:System.Windows.Controls.TextBlock.$Content,Text,TRUE,TRUE,,0
Sakura.Tools.Aoe2FontGenerator.g.resources:styles.baml,TextBlock_16:System.Windows.FrameworkElement.VerticalAlignment,None,FALSE,TRUE,,Center
Sakura.Tools.Aoe2FontGenerator.g.resources:styles.baml,TextBlock_16:System.Windows.FrameworkElement.Margin,None,FALSE,TRUE,,"3,0,0,0"
Sakura.Tools.Aoe2FontGenerator.g.resources:styles.baml,TextBlock_16:System.Windows.Controls.TextBlock.Foreground,None,FALSE,TRUE,,\#FF808080
Sakura.Tools.Aoe2FontGenerator.g.resources:styles.baml,TextBlock_17:System.Windows.Controls.TextBlock.$Content,Text,TRUE,TRUE,,基线偏移比例
Sakura.Tools.Aoe2FontGenerator.g.resources:styles.baml,TextBlock_17:System.Windows.FrameworkElement.VerticalAlignment,None,FALSE,TRUE,,Center
Sakura.Tools.Aoe2FontGenerator.g.resources:styles.baml,TextBlock_17:System.Windows.FrameworkElement.Margin,None,FALSE,TRUE,,"3,0,0,0"
Sakura.Tools.Aoe2FontGenerator.g.resources:styles.baml,TextBlock_18:System.Windows.Controls.TextBlock.$Content,Text,TRUE,TRUE,,0
Sakura.Tools.Aoe2FontGenerator.g.resources:styles.baml,TextBlock_18:System.Windows.FrameworkElement.VerticalAlignment,None,FALSE,TRUE,,Center
Sakura.Tools.Aoe2FontGenerator.g.resources:styles.baml,TextBlock_18:System.Windows.FrameworkElement.Margin,None,FALSE,TRUE,,"3,0,0,0"
Sakura.Tools.Aoe2FontGenerator.g.resources:styles.baml,TextBlock_18:System.Windows.Controls.TextBlock.Foreground,None,FALSE,TRUE,,\#FF808080
Sakura.Tools.Aoe2FontGenerator.g.resources:styles.baml,converters:TypeBasedDataTemplateSelector_1:Sakura.Tools.Aoe2FontGenerator.Converters.TypeBasedDataTemplateSelector.$Content,None,TRUE,TRUE,,#converters:TypeDataTemplatePair_1;#converters:TypeDataTemplatePair_2;
Sakura.Tools.Aoe2FontGenerator.g.resources:styles.baml,converters:TypeDataTemplatePair_1:Sakura.Tools.Aoe2FontGenerator.Converters.TypeDataTemplatePair.$Content,None,TRUE,TRUE,,0
Sakura.Tools.Aoe2FontGenerator.g.resources:styles.baml,converters:TypeDataTemplatePair_2:Sakura.Tools.Aoe2FontGenerator.Converters.TypeDataTemplatePair.$Content,None,TRUE,TRUE,,0
Sakura.Tools.Aoe2FontGenerator.g.resources:styles.baml,converters:TypeBasedDataTemplateSelector_2:Sakura.Tools.Aoe2FontGenerator.Converters.TypeBasedDataTemplateSelector.$Content,None,TRUE,TRUE,,#converters:TypeDataTemplatePair_3;#converters:TypeDataTemplatePair_4;#converters:TypeDataTemplatePair_5;
Sakura.Tools.Aoe2FontGenerator.g.resources:styles.baml,converters:TypeDataTemplatePair_3:Sakura.Tools.Aoe2FontGenerator.Converters.TypeDataTemplatePair.$Content,None,TRUE,TRUE,,0
Sakura.Tools.Aoe2FontGenerator.g.resources:styles.baml,converters:TypeDataTemplatePair_4:Sakura.Tools.Aoe2FontGenerator.Converters.TypeDataTemplatePair.$Content,None,TRUE,TRUE,,0
Sakura.Tools.Aoe2FontGenerator.g.resources:styles.baml,converters:TypeDataTemplatePair_5:Sakura.Tools.Aoe2FontGenerator.Converters.TypeDataTemplatePair.$Content,None,TRUE,TRUE,,0
Sakura.Tools.Aoe2FontGenerator.g.resources:strings.baml,sys:String_1:System.String.$Content,None,TRUE,TRUE,,附加设置 - 字形尺寸比例：{0}，基线偏移比例：{1}
Sakura.Tools.Aoe2FontGenerator.g.resources:strings.baml,sys:String_2:System.String.$Content,None,TRUE,TRUE,,处理程序还在运行。
Sakura.Tools.Aoe2FontGenerator.g.resources:strings.baml,sys:String_3:System.String.$Content,None,TRUE,TRUE,,生成已启动，正在初始化……
Sakura.Tools.Aoe2FontGenerator.g.resources:strings.baml,sys:String_4:System.String.$Content,None,TRUE,TRUE,,所有文件都已经成功生成。
Sakura.Tools.Aoe2FontGenerator.g.resources:strings.baml,sys:String_5:System.String.$Content,None,TRUE,TRUE,,生成过程中发生错误，生成被终止。错误消息：{0}
Sakura.Tools.Aoe2FontGenerator.g.resources:strings.baml,sys:String_6:System.String.$Content,None,TRUE,TRUE,,正在提取字形信息……
Sakura.Tools.Aoe2FontGenerator.g.resources:strings.baml,sys:String_7:System.String.$Content,None,TRUE,TRUE,,已成功提取 {0} 个字符的字形。
Sakura.Tools.Aoe2FontGenerator.g.resources:strings.baml,sys:String_8:System.String.$Content,None,TRUE,TRUE,,正在将字形绘制到纹理中……
Sakura.Tools.Aoe2FontGenerator.g.resources:strings.baml,sys:String_9:System.String.$Content,None,TRUE,TRUE,,已成功生成 {0} 个纹理和 {1} 个字符的信息。
Sakura.Tools.Aoe2FontGenerator.g.resources:strings.baml,sys:String_10:System.String.$Content,None,TRUE,TRUE,,正在将 {0} 副图像保存到硬盘……
Sakura.Tools.Aoe2FontGenerator.g.resources:strings.baml,sys:String_11:System.String.$Content,None,TRUE,TRUE,,已成功将 {0} 副图像保存到硬盘。
Sakura.Tools.Aoe2FontGenerator.g.resources:strings.baml,sys:String_12:System.String.$Content,None,TRUE,TRUE,,正在将元数据文件保存到硬盘……
Sakura.Tools.Aoe2FontGenerator.g.resources:strings.baml,sys:String_13:System.String.$Content,None,TRUE,TRUE,,已成功将元数据文件保存到硬盘。
Sakura.Tools.Aoe2FontGenerator.g.resources:strings.baml,sys:String_14:System.String.$Content,None,TRUE,TRUE,,总进度
Sakura.Tools.Aoe2FontGenerator.g.resources:strings.baml,sys:String_15:System.String.$Content,None,TRUE,TRUE,,正在从字符源中提取字符
Sakura.Tools.Aoe2FontGenerator.g.resources:strings.baml,sys:String_16:System.String.$Content,None,TRUE,TRUE,,正在将字符绘制到纹理
Sakura.Tools.Aoe2FontGenerator.g.resources:strings.baml,sys:String_17:System.String.$Content,None,TRUE,TRUE,,正在将图片保存到硬盘
Sakura.Tools.Aoe2FontGenerator.g.resources:strings.baml,sys:String_18:System.String.$Content,None,TRUE,TRUE,,正在将元数据文件保存到硬盘
Sakura.Tools.Aoe2FontGenerator.g.resources:strings.baml,sys:String_19:System.String.$Content,None,TRUE,TRUE,,{0} 个字符的 Unicode 码位超过范围，将会被忽略。
Sakura.Tools.Aoe2FontGenerator.g.resources:strings.baml,sys:String_20:System.String.$Content,None,TRUE,TRUE,,字体“{1}”中的字形“{0}”尺寸超过了纹理尺寸，请尝试减小字形尺寸。
Sakura.Tools.Aoe2FontGenerator.g.resources:strings.baml,sys:String_52:System.String.$Content,None,TRUE,TRUE,,无法运行 TexConv.exe 并成功生成纹理文件。请确保这个程序在“Libs”目录中，并且没有损坏。
Sakura.Tools.Aoe2FontGenerator.g.resources:strings.baml,sys:String_21:System.String.$Content,None,TRUE,TRUE,,纹理尺寸 = {0}
Sakura.Tools.Aoe2FontGenerator.g.resources:strings.baml,sys:String_22:System.String.$Content,None,TRUE,TRUE,,字形尺寸= {0}
Sakura.Tools.Aoe2FontGenerator.g.resources:strings.baml,sys:String_23:System.String.$Content,None,TRUE,TRUE,,字形间距 = {0}
Sakura.Tools.Aoe2FontGenerator.g.resources:strings.baml,sys:String_24:System.String.$Content,None,TRUE,TRUE,,字符数 = {0}
Sakura.Tools.Aoe2FontGenerator.g.resources:strings.baml,sys:String_25:System.String.$Content,None,TRUE,TRUE,,纹理数 = {0}
Sakura.Tools.Aoe2FontGenerator.g.resources:strings.baml,sys:String_26:System.String.$Content,None,TRUE,TRUE,,"{0} - W({1}), H({2}), U({3}), V({4}), S({5}), T({6}), Atlas({7}), X0({8}), Y0({9}), HA({10})"
Sakura.Tools.Aoe2FontGenerator.g.resources:strings.baml,sys:String_27:System.String.$Content,None,TRUE,TRUE,,无法打开输出目录
Sakura.Tools.Aoe2FontGenerator.g.resources:strings.baml,sys:String_28:System.String.$Content,None,TRUE,TRUE,,你可能没有在输出设置面板中正确设置输出目录位置，或者你没有权限打开这个目录。
Sakura.Tools.Aoe2FontGenerator.g.resources:strings.baml,sys:String_53:System.String.$Content,None,TRUE,TRUE,,无法打开项目文件
Sakura.Tools.Aoe2FontGenerator.g.resources:strings.baml,sys:String_54:System.String.$Content,None,TRUE,TRUE,,你选择的文件可能不正确或者已经损坏，也可能你没有权限打开它。
Sakura.Tools.Aoe2FontGenerator.g.resources:strings.baml,sys:String_55:System.String.$Content,None,TRUE,TRUE,,无法保存项目文件
Sakura.Tools.Aoe2FontGenerator.g.resources:strings.baml,sys:String_56:System.String.$Content,None,TRUE,TRUE,,可能这个文件正在被其它程序使用，或者你没有权限向它写入内容。
Sakura.Tools.Aoe2FontGenerator.g.resources:strings.baml,sys:String_29:System.String.$Content,None,TRUE,TRUE,,无法打开字体文件。请确认你选择了正确的文件，并且你有权限读取该文件。
Sakura.Tools.Aoe2FontGenerator.g.resources:strings.baml,sys:String_30:System.String.$Content,None,TRUE,TRUE,,无法打开字符集文件。请确认你选择了正确的文件，并且你有权限读取该文件。
Sakura.Tools.Aoe2FontGenerator.g.resources:strings.baml,sys:String_31:System.String.$Content,None,TRUE,TRUE,,范围字符串“{0}”格式不正确。
Sakura.Tools.Aoe2FontGenerator.g.resources:strings.baml,sys:String_32:System.String.$Content,None,TRUE,TRUE,,无法从设置的字体信息中提取字体。目前不支持使用复合字体和伪字体。
Sakura.Tools.Aoe2FontGenerator.g.resources:strings.baml,sys:String_33:System.String.$Content,None,TRUE,TRUE,,你没有在字体选择对话框中选择一个字体。
Sakura.Tools.Aoe2FontGenerator.g.resources:strings.baml,sys:String_34:System.String.$Content,None,TRUE,TRUE,,没有设置字符集映射
Sakura.Tools.Aoe2FontGenerator.g.resources:strings.baml,sys:String_35:System.String.$Content,None,TRUE,TRUE,,你必须设定至少一项映射数据才能生成字体文件。
Sakura.Tools.Aoe2FontGenerator.g.resources:strings.baml,sys:String_36:System.String.$Content,None,TRUE,TRUE,,字符集映射无效
Sakura.Tools.Aoe2FontGenerator.g.resources:strings.baml,sys:String_37:System.String.$Content,None,TRUE,TRUE,,在启动生成前，请为每个字符集映射设定字体和字符集。
Sakura.Tools.Aoe2FontGenerator.g.resources:strings.baml,sys:String_38:System.String.$Content,None,TRUE,TRUE,,帝国时代 2 决定版字体生成器
Sakura.Tools.Aoe2FontGenerator.g.resources:strings.baml,sys:String_39:System.String.$Content,None,TRUE,TRUE,,删除警告
Sakura.Tools.Aoe2FontGenerator.g.resources:strings.baml,sys:String_40:System.String.$Content,None,TRUE,TRUE,,你选中的项目将被删除。这个操作无法撤销。你确定要继续吗？
Sakura.Tools.Aoe2FontGenerator.g.resources:strings.baml,sys:String_41:System.String.$Content,None,TRUE,TRUE,,清空警告
Sakura.Tools.Aoe2FontGenerator.g.resources:strings.baml,sys:String_42:System.String.$Content,None,TRUE,TRUE,,所有列表中的项目都将被删除。这个操作无法撤销。你确定要继续吗？
Sakura.Tools.Aoe2FontGenerator.g.resources:strings.baml,sys:String_43:System.String.$Content,None,TRUE,TRUE,,隐藏详细错误信息
Sakura.Tools.Aoe2FontGenerator.g.resources:strings.baml,sys:String_44:System.String.$Content,None,TRUE,TRUE,,显示详细错误信息
Sakura.Tools.Aoe2FontGenerator.g.resources:strings.baml,sys:String_45:System.String.$Content,None,TRUE,TRUE,,文本文件
Sakura.Tools.Aoe2FontGenerator.g.resources:strings.baml,sys:String_46:System.String.$Content,None,TRUE,TRUE,,字体文件
Sakura.Tools.Aoe2FontGenerator.g.resources:strings.baml,sys:String_47:System.String.$Content,None,TRUE,TRUE,,所有文件
Sakura.Tools.Aoe2FontGenerator.g.resources:strings.baml,sys:String_57:System.String.$Content,None,TRUE,TRUE,,项目文件
Sakura.Tools.Aoe2FontGenerator.g.resources:strings.baml,sys:String_48:System.String.$Content,None,TRUE,TRUE,,{0} {1} {2} {3}
Sakura.Tools.Aoe2FontGenerator.g.resources:strings.baml,sys:String_49:System.String.$Content,None,TRUE,TRUE,,在调用该方法前你必须先调用“{0}”方法。
Sakura.Tools.Aoe2FontGenerator.g.resources:strings.baml,sys:String_50:System.String.$Content,None,TRUE,TRUE,,级别值超过范围。
Sakura.Tools.Aoe2FontGenerator.g.resources:strings.baml,sys:String_51:System.String.$Content,None,TRUE,TRUE,,级别数量不能为负数。
Sakura.Tools.Aoe2FontGenerator.g.resources:objects.baml,converters:FontInfoConverter_1:Sakura.Tools.Aoe2FontGenerator.Converters.FontInfoConverter.$Content,None,TRUE,TRUE,,0
Sakura.Tools.Aoe2FontGenerator.g.resources:objects.baml,converters:DoubleIsNaNConverter_1:Sakura.Tools.Aoe2FontGenerator.Converters.DoubleIsNaNConverter.$Content,None,TRUE,TRUE,,0
Sakura.Tools.Aoe2FontGenerator.g.resources:charsetmappingpage.baml,Me:Sakura.Tools.Aoe2FontGenerator.Controls.CharSetMappingPage.$Content,None,TRUE,TRUE,,#Grid_1;
Sakura.Tools.Aoe2FontGenerator.g.resources:charsetmappingpage.baml,Grid_4:System.Windows.Controls.Grid.Row,None,FALSE,TRUE,,0
Sakura.Tools.Aoe2FontGenerator.g.resources:charsetmappingpage.baml,TextBlock_1:System.Windows.Controls.TextBlock.$Content,Text,TRUE,TRUE,,这个页面列出了所有用于生成字体的字符映射设置。最基础的用法是，选择一个字体，和一个字符来源，这个程序将会从字体中提取每个字符的字形图案，并将他们生成为纹理。由于单个字体可能无法包含所有字符，你可以定义多个设置，系统将自动从上往下运行。如果一个字符已经在某个设置中生成过，后面的设置项将自动忽略这个字符。
Sakura.Tools.Aoe2FontGenerator.g.resources:charsetmappingpage.baml,TextBlock_1:System.Windows.FrameworkElement.Margin,None,FALSE,TRUE,,3
Sakura.Tools.Aoe2FontGenerator.g.resources:charsetmappingpage.baml,Grid_2:System.Windows.Controls.Grid.Row,None,FALSE,TRUE,,1
Sakura.Tools.Aoe2FontGenerator.g.resources:charsetmappingpage.baml,GroupBox_1:System.Windows.Controls.GroupBox.$Content,None,FALSE,TRUE,,#Grid_3;
Sakura.Tools.Aoe2FontGenerator.g.resources:charsetmappingpage.baml,GroupBox_1:System.Windows.FrameworkElement.Margin,None,FALSE,TRUE,,3
Sakura.Tools.Aoe2FontGenerator.g.resources:charsetmappingpage.baml,GroupBox_1:System.Windows.Controls.HeaderedContentControl.Header,Label,TRUE,TRUE,,字符集映射
Sakura.Tools.Aoe2FontGenerator.g.resources:charsetmappingpage.baml,ListActionGrid:System.Windows.Controls.Grid.Row,None,FALSE,TRUE,,1
Sakura.Tools.Aoe2FontGenerator.g.resources:charsetmappingpage.baml,Button_1:System.Windows.Controls.Button.$Content,Button,TRUE,TRUE,,#controls:ImageItem_1;
Sakura.Tools.Aoe2FontGenerator.g.resources:charsetmappingpage.baml,Button_1:System.Windows.Controls.Grid.Column,None,FALSE,TRUE,,0
Sakura.Tools.Aoe2FontGenerator.g.resources:charsetmappingpage.baml,Button_1:System.Windows.FrameworkElement.Margin,None,FALSE,TRUE,,3
Sakura.Tools.Aoe2FontGenerator.g.resources:charsetmappingpage.baml,controls:ImageItem_1:Sakura.Tools.Aoe2FontGenerator.Controls.ImageItem.$Content,Button,TRUE,TRUE,,0
Sakura.Tools.Aoe2FontGenerator.g.resources:charsetmappingpage.baml,controls:ImageItem_1:Sakura.Tools.Aoe2FontGenerator.Controls.ImageItem.Image,Button,TRUE,TRUE,,/Images/Add_16x.png
Sakura.Tools.Aoe2FontGenerator.g.resources:charsetmappingpage.baml,controls:ImageItem_1:Sakura.Tools.Aoe2FontGenerator.Controls.ImageItem.Text,Button,TRUE,TRUE,,添加(_A)
Sakura.Tools.Aoe2FontGenerator.g.resources:charsetmappingpage.baml,Button_2:System.Windows.Controls.Button.$Content,Button,TRUE,TRUE,,#controls:ImageItem_2;
Sakura.Tools.Aoe2FontGenerator.g.resources:charsetmappingpage.baml,Button_2:System.Windows.Controls.Grid.Column,None,FALSE,TRUE,,1
Sakura.Tools.Aoe2FontGenerator.g.resources:charsetmappingpage.baml,Button_2:System.Windows.FrameworkElement.Margin,None,FALSE,TRUE,,3
Sakura.Tools.Aoe2FontGenerator.g.resources:charsetmappingpage.baml,controls:ImageItem_2:Sakura.Tools.Aoe2FontGenerator.Controls.ImageItem.$Content,Button,TRUE,TRUE,,0
Sakura.Tools.Aoe2FontGenerator.g.resources:charsetmappingpage.baml,controls:ImageItem_2:Sakura.Tools.Aoe2FontGenerator.Controls.ImageItem.Image,Button,TRUE,TRUE,,/Images/Remove_color_16x.png
Sakura.Tools.Aoe2FontGenerator.g.resources:charsetmappingpage.baml,controls:ImageItem_2:Sakura.Tools.Aoe2FontGenerator.Controls.ImageItem.Text,Button,TRUE,TRUE,,删除(_R)
Sakura.Tools.Aoe2FontGenerator.g.resources:charsetmappingpage.baml,Button_3:System.Windows.Controls.Button.$Content,Button,TRUE,TRUE,,#controls:ImageItem_3;
Sakura.Tools.Aoe2FontGenerator.g.resources:charsetmappingpage.baml,Button_3:System.Windows.Controls.Grid.Column,None,FALSE,TRUE,,2
Sakura.Tools.Aoe2FontGenerator.g.resources:charsetmappingpage.baml,Button_3:System.Windows.FrameworkElement.Margin,None,FALSE,TRUE,,3
Sakura.Tools.Aoe2FontGenerator.g.resources:charsetmappingpage.baml,controls:ImageItem_3:Sakura.Tools.Aoe2FontGenerator.Controls.ImageItem.$Content,Button,TRUE,TRUE,,0
Sakura.Tools.Aoe2FontGenerator.g.resources:charsetmappingpage.baml,controls:ImageItem_3:Sakura.Tools.Aoe2FontGenerator.Controls.ImageItem.Image,Button,TRUE,TRUE,,/Images/Close_red_16x.png
Sakura.Tools.Aoe2FontGenerator.g.resources:charsetmappingpage.baml,controls:ImageItem_3:Sakura.Tools.Aoe2FontGenerator.Controls.ImageItem.Text,Button,TRUE,TRUE,,清空(_C)
Sakura.Tools.Aoe2FontGenerator.g.resources:charsetmappingpage.baml,Button_4:System.Windows.Controls.Button.$Content,Button,TRUE,TRUE,,#controls:ImageItem_4;
Sakura.Tools.Aoe2FontGenerator.g.resources:charsetmappingpage.baml,Button_4:System.Windows.Controls.Grid.Column,None,FALSE,TRUE,,4
Sakura.Tools.Aoe2FontGenerator.g.resources:charsetmappingpage.baml,Button_4:System.Windows.FrameworkElement.Margin,None,FALSE,TRUE,,3
Sakura.Tools.Aoe2FontGenerator.g.resources:charsetmappingpage.baml,controls:ImageItem_4:Sakura.Tools.Aoe2FontGenerator.Controls.ImageItem.$Content,Button,TRUE,TRUE,,0
Sakura.Tools.Aoe2FontGenerator.g.resources:charsetmappingpage.baml,controls:ImageItem_4:Sakura.Tools.Aoe2FontGenerator.Controls.ImageItem.Image,Button,TRUE,TRUE,,/Images/CollapseChevronUp_lg_blueNoHalo_16x.png
Sakura.Tools.Aoe2FontGenerator.g.resources:charsetmappingpage.baml,controls:ImageItem_4:Sakura.Tools.Aoe2FontGenerator.Controls.ImageItem.Text,Button,TRUE,TRUE,,上移(_U)
Sakura.Tools.Aoe2FontGenerator.g.resources:charsetmappingpage.baml,Button_5:System.Windows.Controls.Button.$Content,Button,TRUE,TRUE,,#controls:ImageItem_5;
Sakura.Tools.Aoe2FontGenerator.g.resources:charsetmappingpage.baml,Button_5:System.Windows.Controls.Grid.Column,None,FALSE,TRUE,,5
Sakura.Tools.Aoe2FontGenerator.g.resources:charsetmappingpage.baml,Button_5:System.Windows.FrameworkElement.Margin,None,FALSE,TRUE,,3
Sakura.Tools.Aoe2FontGenerator.g.resources:charsetmappingpage.baml,controls:ImageItem_5:Sakura.Tools.Aoe2FontGenerator.Controls.ImageItem.$Content,Button,TRUE,TRUE,,0
Sakura.Tools.Aoe2FontGenerator.g.resources:charsetmappingpage.baml,controls:ImageItem_5:Sakura.Tools.Aoe2FontGenerator.Controls.ImageItem.Image,Button,TRUE,TRUE,,/Images/CollapseChevronDown_lg_blueNoHalo_16x.png
Sakura.Tools.Aoe2FontGenerator.g.resources:charsetmappingpage.baml,controls:ImageItem_5:Sakura.Tools.Aoe2FontGenerator.Controls.ImageItem.Text,Button,TRUE,TRUE,,下移(_D)
Sakura.Tools.Aoe2FontGenerator.g.resources:charsetmappingpage.baml,MainListBox:System.Windows.Controls.ListBox.$Content,ListBox,TRUE,TRUE,,0
Sakura.Tools.Aoe2FontGenerator.g.resources:charsetmappingpage.baml,MainListBox:System.Windows.Controls.Grid.Row,None,FALSE,TRUE,,0
Sakura.Tools.Aoe2FontGenerator.g.resources:charsetmappingpage.baml,MainListBox:System.Windows.FrameworkElement.Margin,None,FALSE,TRUE,,3
Sakura.Tools.Aoe2FontGenerator.g.resources:charsetmappingpage.baml,MainListBox:System.Windows.Controls.Control.HorizontalContentAlignment,None,FALSE,TRUE,,Stretch
Sakura.Tools.Aoe2FontGenerator.g.resources:charsetmappingpage.baml,MainListBox:System.Windows.Controls.ItemsControl.AlternationCount,None,FALSE,TRUE,,2
Sakura.Tools.Aoe2FontGenerator.g.resources:charsetmappingpage.baml,MainListBox:System.Windows.Controls.ScrollViewer.CanContentScroll,None,FALSE,TRUE,,FALSE
Sakura.Tools.Aoe2FontGenerator.g.resources:charsetmappingpage.baml,Trigger_1:System.Windows.Trigger.$Content,None,FALSE,TRUE,,#Setter_1;
Sakura.Tools.Aoe2FontGenerator.g.resources:charsetmappingpage.baml,Trigger_1:System.Windows.Trigger.Property,None,FALSE,FALSE,,ItemsControl.AlternationIndex
Sakura.Tools.Aoe2FontGenerator.g.resources:charsetmappingpage.baml,Trigger_1:System.Windows.Trigger.Value,None,FALSE,TRUE,,1
Sakura.Tools.Aoe2FontGenerator.g.resources:charsetmappingpage.baml,Setter_1:System.Windows.Setter.Property,None,FALSE,FALSE,,Panel.Background
Sakura.Tools.Aoe2FontGenerator.g.resources:charsetmappingpage.baml,Setter_1:System.Windows.Setter.Value,None,FALSE,TRUE,,\#FFFAFAD2
Sakura.Tools.Aoe2FontGenerator.g.resources:charsetmappingpage.baml,AddCommand:System.Windows.Input.CommandBinding.$Content,None,TRUE,TRUE,,0
Sakura.Tools.Aoe2FontGenerator.g.resources:charsetmappingpage.baml,DeleteCommand:System.Windows.Input.CommandBinding.$Content,None,TRUE,TRUE,,0
Sakura.Tools.Aoe2FontGenerator.g.resources:charsetmappingpage.baml,DeleteAllCommand:System.Windows.Input.CommandBinding.$Content,None,TRUE,TRUE,,0
Sakura.Tools.Aoe2FontGenerator.g.resources:charsetmappingpage.baml,MoveUpCommand:System.Windows.Input.CommandBinding.$Content,None,TRUE,TRUE,,0
Sakura.Tools.Aoe2FontGenerator.g.resources:charsetmappingpage.baml,MoveDownCommand:System.Windows.Input.CommandBinding.$Content,None,TRUE,TRUE,,0
Sakura.Tools.Aoe2FontGenerator.g.resources:logpage.baml,Me:Sakura.Tools.Aoe2FontGenerator.Controls.LogPage.$Content,None,TRUE,TRUE,,#Grid_1;
Sakura.Tools.Aoe2FontGenerator.g.resources:logpage.baml,ProgressPanel:System.Windows.Controls.ItemsControl.$Content,None,FALSE,TRUE,,0
Sakura.Tools.Aoe2FontGenerator.g.resources:logpage.baml,StackPanel_1:System.Windows.Controls.StackPanel.Orientation,None,FALSE,TRUE,,Vertical
Sakura.Tools.Aoe2FontGenerator.g.resources:logpage.baml,StackPanel_1:System.Windows.Controls.Panel.IsItemsHost,None,FALSE,TRUE,,TRUE
Sakura.Tools.Aoe2FontGenerator.g.resources:logpage.baml,StackPanel_2:System.Windows.Controls.StackPanel.Orientation,None,FALSE,TRUE,,Vertical
Sakura.Tools.Aoe2FontGenerator.g.resources:logpage.baml,TextBlock_1:System.Windows.Controls.TextBlock.$Content,Text,TRUE,TRUE,,0
Sakura.Tools.Aoe2FontGenerator.g.resources:logpage.baml,TextBlock_1:System.Windows.FrameworkElement.Margin,None,FALSE,TRUE,,3
Sakura.Tools.Aoe2FontGenerator.g.resources:logpage.baml,TextBlock_1:System.Windows.Controls.TextBlock.TextTrimming,None,FALSE,TRUE,,CharacterEllipsis
Sakura.Tools.Aoe2FontGenerator.g.resources:logpage.baml,ProgressBar_1:System.Windows.FrameworkElement.Margin,None,FALSE,TRUE,,3
Sakura.Tools.Aoe2FontGenerator.g.resources:logpage.baml,ProgressBar_1:System.Windows.FrameworkElement.MinHeight,None,FALSE,TRUE,,20
Sakura.Tools.Aoe2FontGenerator.g.resources:logpage.baml,ProgressBar_1:System.Windows.Controls.Primitives.RangeBase.Minimum,None,FALSE,TRUE,,0
Sakura.Tools.Aoe2FontGenerator.g.resources:logpage.baml,LogTextBox:System.Windows.Controls.RichTextBox.$Content,None,TRUE,TRUE,,0
Sakura.Tools.Aoe2FontGenerator.g.resources:logpage.baml,LogTextBox:System.Windows.FrameworkElement.Margin,None,FALSE,TRUE,,3
Sakura.Tools.Aoe2FontGenerator.g.resources:logpage.baml,LogTextBox:System.Windows.Controls.Grid.Row,None,FALSE,TRUE,,1
Sakura.Tools.Aoe2FontGenerator.g.resources:logpage.baml,LogTextBox:System.Windows.Controls.Primitives.TextBoxBase.IsReadOnly,None,FALSE,TRUE,,TRUE
Sakura.Tools.Aoe2FontGenerator.g.resources:mainwindow.baml,Me:Sakura.Tools.Aoe2FontGenerator.MainWindow.$Content,None,TRUE,TRUE,,#LayoutRoot;
Sakura.Tools.Aoe2FontGenerator.g.resources:mainwindow.baml,Me:System.Windows.FrameworkElement.Height,None,FALSE,TRUE,,600
Sakura.Tools.Aoe2FontGenerator.g.resources:mainwindow.baml,Me:System.Windows.FrameworkElement.Width,None,FALSE,TRUE,,800
Sakura.Tools.Aoe2FontGenerator.g.resources:mainwindow.baml,Me:System.Windows.FrameworkElement.UseLayoutRounding,None,FALSE,TRUE,,TRUE
Sakura.Tools.Aoe2FontGenerator.g.resources:mainwindow.baml,LayoutRoot:System.Windows.FrameworkElement.Margin,None,FALSE,TRUE,,10
Sakura.Tools.Aoe2FontGenerator.g.resources:mainwindow.baml,ActionStates:System.Windows.VisualStateGroup.$Content,None,TRUE,TRUE,,#NormalState;#WorkingState;
Sakura.Tools.Aoe2FontGenerator.g.resources:mainwindow.baml,NormalState:System.Windows.VisualState.$Content,None,TRUE,TRUE,,0
Sakura.Tools.Aoe2FontGenerator.g.resources:mainwindow.baml,WorkingState:System.Windows.VisualState.$Content,None,TRUE,TRUE,,#Storyboard_1;
Sakura.Tools.Aoe2FontGenerator.g.resources:mainwindow.baml,Storyboard_1:System.Windows.Media.Animation.Storyboard.$Content,None,FALSE,TRUE,,#BooleanAnimationUsingKeyFrames_1;#BooleanAnimationUsingKeyFrames_2;#BooleanAnimationUsingKeyFrames_3;#BooleanAnimationUsingKeyFrames_4;
Sakura.Tools.Aoe2FontGenerator.g.resources:mainwindow.baml,BooleanAnimationUsingKeyFrames_1:System.Windows.Media.Animation.BooleanAnimationUsingKeyFrames.$Content,None,FALSE,TRUE,,#DiscreteBooleanKeyFrame_1;
Sakura.Tools.Aoe2FontGenerator.g.resources:mainwindow.baml,BooleanAnimationUsingKeyFrames_1:System.Windows.Media.Animation.Storyboard.TargetProperty,None,TRUE,TRUE,,(UIElement.IsEnabled)
Sakura.Tools.Aoe2FontGenerator.g.resources:mainwindow.baml,BooleanAnimationUsingKeyFrames_1:System.Windows.Media.Animation.Storyboard.TargetName,None,TRUE,TRUE,,CharsetMappingTab
Sakura.Tools.Aoe2FontGenerator.g.resources:mainwindow.baml,DiscreteBooleanKeyFrame_1:System.Windows.Media.Animation.DiscreteBooleanKeyFrame.$Content,None,TRUE,TRUE,,0
Sakura.Tools.Aoe2FontGenerator.g.resources:mainwindow.baml,DiscreteBooleanKeyFrame_1:System.Windows.Media.Animation.BooleanKeyFrame.KeyTime,None,TRUE,FALSE,,0
Sakura.Tools.Aoe2FontGenerator.g.resources:mainwindow.baml,DiscreteBooleanKeyFrame_1:System.Windows.Media.Animation.BooleanKeyFrame.Value,None,FALSE,TRUE,,FALSE
Sakura.Tools.Aoe2FontGenerator.g.resources:mainwindow.baml,BooleanAnimationUsingKeyFrames_2:System.Windows.Media.Animation.BooleanAnimationUsingKeyFrames.$Content,None,FALSE,TRUE,,#DiscreteBooleanKeyFrame_2;
Sakura.Tools.Aoe2FontGenerator.g.resources:mainwindow.baml,BooleanAnimationUsingKeyFrames_2:System.Windows.Media.Animation.Storyboard.TargetProperty,None,TRUE,TRUE,,(UIElement.IsEnabled)
Sakura.Tools.Aoe2FontGenerator.g.resources:mainwindow.baml,BooleanAnimationUsingKeyFrames_2:System.Windows.Media.Animation.Storyboard.TargetName,None,TRUE,TRUE,,GenerationSettingTab
Sakura.Tools.Aoe2FontGenerator.g.resources:mainwindow.baml,DiscreteBooleanKeyFrame_2:System.Windows.Media.Animation.DiscreteBooleanKeyFrame.$Content,None,TRUE,TRUE,,0
Sakura.Tools.Aoe2FontGenerator.g.resources:mainwindow.baml,DiscreteBooleanKeyFrame_2:System.Windows.Media.Animation.BooleanKeyFrame.KeyTime,None,TRUE,FALSE,,0
Sakura.Tools.Aoe2FontGenerator.g.resources:mainwindow.baml,DiscreteBooleanKeyFrame_2:System.Windows.Media.Animation.BooleanKeyFrame.Value,None,FALSE,TRUE,,FALSE
Sakura.Tools.Aoe2FontGenerator.g.resources:mainwindow.baml,BooleanAnimationUsingKeyFrames_3:System.Windows.Media.Animation.BooleanAnimationUsingKeyFrames.$Content,None,FALSE,TRUE,,#DiscreteBooleanKeyFrame_3;
Sakura.Tools.Aoe2FontGenerator.g.resources:mainwindow.baml,BooleanAnimationUsingKeyFrames_3:System.Windows.Media.Animation.Storyboard.TargetProperty,None,TRUE,TRUE,,(UIElement.IsEnabled)
Sakura.Tools.Aoe2FontGenerator.g.resources:mainwindow.baml,BooleanAnimationUsingKeyFrames_3:System.Windows.Media.Animation.Storyboard.TargetName,None,TRUE,TRUE,,OutputSettingTab
Sakura.Tools.Aoe2FontGenerator.g.resources:mainwindow.baml,DiscreteBooleanKeyFrame_3:System.Windows.Media.Animation.DiscreteBooleanKeyFrame.$Content,None,TRUE,TRUE,,0
Sakura.Tools.Aoe2FontGenerator.g.resources:mainwindow.baml,DiscreteBooleanKeyFrame_3:System.Windows.Media.Animation.BooleanKeyFrame.KeyTime,None,TRUE,FALSE,,0
Sakura.Tools.Aoe2FontGenerator.g.resources:mainwindow.baml,DiscreteBooleanKeyFrame_3:System.Windows.Media.Animation.BooleanKeyFrame.Value,None,FALSE,TRUE,,FALSE
Sakura.Tools.Aoe2FontGenerator.g.resources:mainwindow.baml,BooleanAnimationUsingKeyFrames_4:System.Windows.Media.Animation.BooleanAnimationUsingKeyFrames.$Content,None,FALSE,TRUE,,#DiscreteBooleanKeyFrame_4;
Sakura.Tools.Aoe2FontGenerator.g.resources:mainwindow.baml,BooleanAnimationUsingKeyFrames_4:System.Windows.Media.Animation.Storyboard.TargetProperty,None,TRUE,TRUE,,IsEnabled
Sakura.Tools.Aoe2FontGenerator.g.resources:mainwindow.baml,BooleanAnimationUsingKeyFrames_4:System.Windows.Media.Animation.Storyboard.TargetName,None,TRUE,TRUE,,StartButton
Sakura.Tools.Aoe2FontGenerator.g.resources:mainwindow.baml,DiscreteBooleanKeyFrame_4:System.Windows.Media.Animation.DiscreteBooleanKeyFrame.$Content,None,TRUE,TRUE,,0
Sakura.Tools.Aoe2FontGenerator.g.resources:mainwindow.baml,DiscreteBooleanKeyFrame_4:System.Windows.Media.Animation.BooleanKeyFrame.KeyTime,None,TRUE,FALSE,,0
Sakura.Tools.Aoe2FontGenerator.g.resources:mainwindow.baml,DiscreteBooleanKeyFrame_4:System.Windows.Media.Animation.BooleanKeyFrame.Value,None,FALSE,TRUE,,FALSE
Sakura.Tools.Aoe2FontGenerator.g.resources:mainwindow.baml,MainTabControl:System.Windows.Controls.TabControl.$Content,None,FALSE,TRUE,,#CharsetMappingTab;#GenerationSettingTab;#OutputSettingTab;#LogTab;
Sakura.Tools.Aoe2FontGenerator.g.resources:mainwindow.baml,MainTabControl:System.Windows.FrameworkElement.Margin,None,FALSE,TRUE,,3
Sakura.Tools.Aoe2FontGenerator.g.resources:mainwindow.baml,MainTabControl:System.Windows.Controls.Grid.Row,None,FALSE,TRUE,,0
Sakura.Tools.Aoe2FontGenerator.g.resources:mainwindow.baml,CharsetMappingTab:System.Windows.Controls.TabItem.$Content,Text,TRUE,TRUE,,#controls:CharSetMappingPage_1;
Sakura.Tools.Aoe2FontGenerator.g.resources:mainwindow.baml,CharsetMappingTab:System.Windows.Controls.HeaderedContentControl.Header,Label,TRUE,TRUE,,字符集映射
Sakura.Tools.Aoe2FontGenerator.g.resources:mainwindow.baml,controls:CharSetMappingPage_1:Sakura.Tools.Aoe2FontGenerator.Controls.CharSetMappingPage.$Content,Text,TRUE,TRUE,,0
Sakura.Tools.Aoe2FontGenerator.g.resources:mainwindow.baml,GenerationSettingTab:System.Windows.Controls.TabItem.$Content,Text,TRUE,TRUE,,#controls:GeneralSettingPage_1;
Sakura.Tools.Aoe2FontGenerator.g.resources:mainwindow.baml,GenerationSettingTab:System.Windows.Controls.HeaderedContentControl.Header,Label,TRUE,TRUE,,生成设置
Sakura.Tools.Aoe2FontGenerator.g.resources:mainwindow.baml,controls:GeneralSettingPage_1:Sakura.Tools.Aoe2FontGenerator.Controls.GeneralSettingPage.$Content,Text,TRUE,TRUE,,0
Sakura.Tools.Aoe2FontGenerator.g.resources:mainwindow.baml,OutputSettingTab:System.Windows.Controls.TabItem.$Content,Text,TRUE,TRUE,,#controls:OutputSettingPage_1;
Sakura.Tools.Aoe2FontGenerator.g.resources:mainwindow.baml,OutputSettingTab:System.Windows.Controls.HeaderedContentControl.Header,Label,TRUE,TRUE,,输出设置
Sakura.Tools.Aoe2FontGenerator.g.resources:mainwindow.baml,controls:OutputSettingPage_1:Sakura.Tools.Aoe2FontGenerator.Controls.OutputSettingPage.$Content,Text,TRUE,TRUE,,0
Sakura.Tools.Aoe2FontGenerator.g.resources:mainwindow.baml,LogTab:System.Windows.Controls.TabItem.$Content,Text,TRUE,TRUE,,#controls:LogPage_1;
Sakura.Tools.Aoe2FontGenerator.g.resources:mainwindow.baml,LogTab:System.Windows.Controls.HeaderedContentControl.Header,Label,TRUE,TRUE,,运行日志
Sakura.Tools.Aoe2FontGenerator.g.resources:mainwindow.baml,controls:LogPage_1:Sakura.Tools.Aoe2FontGenerator.Controls.LogPage.$Content,Text,TRUE,TRUE,,0
Sakura.Tools.Aoe2FontGenerator.g.resources:mainwindow.baml,ActionGrid:System.Windows.Controls.Grid.Row,None,FALSE,TRUE,,1
Sakura.Tools.Aoe2FontGenerator.g.resources:mainwindow.baml,StartButton:System.Windows.Controls.Button.$Content,Button,TRUE,TRUE,,开始生成(_S)
Sakura.Tools.Aoe2FontGenerator.g.resources:mainwindow.baml,StartButton:System.Windows.FrameworkElement.Margin,None,FALSE,TRUE,,3
Sakura.Tools.Aoe2FontGenerator.g.resources:mainwindow.baml,StartButton:System.Windows.Controls.Grid.Column,None,FALSE,TRUE,,0
Sakura.Tools.Aoe2FontGenerator.g.resources:mainwindow.baml,controls:ImageItem_1:Sakura.Tools.Aoe2FontGenerator.Controls.ImageItem.$Content,Button,TRUE,TRUE,,0
Sakura.Tools.Aoe2FontGenerator.g.resources:mainwindow.baml,controls:ImageItem_1:Sakura.Tools.Aoe2FontGenerator.Controls.ImageItem.Image,Button,TRUE,TRUE,,/Images/Run_16x.png
Sakura.Tools.Aoe2FontGenerator.g.resources:mainwindow.baml,controls:ImageItem_1:Sakura.Tools.Aoe2FontGenerator.Controls.ImageItem.Text,Button,TRUE,TRUE,,开始生成(_G)
Sakura.Tools.Aoe2FontGenerator.g.resources:mainwindow.baml,SaveButton:System.Windows.Controls.Button.$Content,Button,TRUE,TRUE,,#controls:ImageItem_2;
Sakura.Tools.Aoe2FontGenerator.g.resources:mainwindow.baml,SaveButton:System.Windows.FrameworkElement.Margin,None,FALSE,TRUE,,3
Sakura.Tools.Aoe2FontGenerator.g.resources:mainwindow.baml,SaveButton:System.Windows.Controls.Grid.Column,None,FALSE,TRUE,,1
Sakura.Tools.Aoe2FontGenerator.g.resources:mainwindow.baml,controls:ImageItem_2:Sakura.Tools.Aoe2FontGenerator.Controls.ImageItem.$Content,Button,TRUE,TRUE,,0
Sakura.Tools.Aoe2FontGenerator.g.resources:mainwindow.baml,controls:ImageItem_2:Sakura.Tools.Aoe2FontGenerator.Controls.ImageItem.Image,Button,TRUE,TRUE,,/Images/Save_16x.png
Sakura.Tools.Aoe2FontGenerator.g.resources:mainwindow.baml,controls:ImageItem_2:Sakura.Tools.Aoe2FontGenerator.Controls.ImageItem.Text,Button,TRUE,TRUE,,保存项目文件(_S)
Sakura.Tools.Aoe2FontGenerator.g.resources:mainwindow.baml,LoadButton:System.Windows.Controls.Button.$Content,Button,TRUE,TRUE,,#controls:ImageItem_3;
Sakura.Tools.Aoe2FontGenerator.g.resources:mainwindow.baml,LoadButton:System.Windows.FrameworkElement.Margin,None,FALSE,TRUE,,3
Sakura.Tools.Aoe2FontGenerator.g.resources:mainwindow.baml,LoadButton:System.Windows.Controls.Grid.Column,None,FALSE,TRUE,,2
Sakura.Tools.Aoe2FontGenerator.g.resources:mainwindow.baml,controls:ImageItem_3:Sakura.Tools.Aoe2FontGenerator.Controls.ImageItem.$Content,Button,TRUE,TRUE,,0
Sakura.Tools.Aoe2FontGenerator.g.resources:mainwindow.baml,controls:ImageItem_3:Sakura.Tools.Aoe2FontGenerator.Controls.ImageItem.Image,Button,TRUE,TRUE,,/Images/Open_16x.png
Sakura.Tools.Aoe2FontGenerator.g.resources:mainwindow.baml,controls:ImageItem_3:Sakura.Tools.Aoe2FontGenerator.Controls.ImageItem.Text,Button,TRUE,TRUE,,读取项目文件(_L)
Sakura.Tools.Aoe2FontGenerator.g.resources:mainwindow.baml,OpenOutputDirButton:System.Windows.Controls.Button.$Content,Button,TRUE,TRUE,,打开输出目录(_O)
Sakura.Tools.Aoe2FontGenerator.g.resources:mainwindow.baml,OpenOutputDirButton:System.Windows.FrameworkElement.Margin,None,FALSE,TRUE,,3
Sakura.Tools.Aoe2FontGenerator.g.resources:mainwindow.baml,OpenOutputDirButton:System.Windows.Controls.Grid.Column,None,FALSE,TRUE,,2
Sakura.Tools.Aoe2FontGenerator.g.resources:mainwindow.baml,controls:ImageItem_4:Sakura.Tools.Aoe2FontGenerator.Controls.ImageItem.$Content,Button,TRUE,TRUE,,0
Sakura.Tools.Aoe2FontGenerator.g.resources:mainwindow.baml,controls:ImageItem_4:Sakura.Tools.Aoe2FontGenerator.Controls.ImageItem.Image,Button,TRUE,TRUE,,/Images/OpenFolder_16x.png
Sakura.Tools.Aoe2FontGenerator.g.resources:mainwindow.baml,controls:ImageItem_4:Sakura.Tools.Aoe2FontGenerator.Controls.ImageItem.Text,Button,TRUE,TRUE,,打开输出目录(_O)
Sakura.Tools.Aoe2FontGenerator.g.resources:outputsettingpage.baml,Me:Sakura.Tools.Aoe2FontGenerator.Controls.OutputSettingPage.$Content,None,TRUE,TRUE,,#Grid_1;
Sakura.Tools.Aoe2FontGenerator.g.resources:outputsettingpage.baml,StackPanel_1:System.Windows.Controls.StackPanel.Orientation,None,FALSE,TRUE,,Vertical
Sakura.Tools.Aoe2FontGenerator.g.resources:outputsettingpage.baml,GroupBox_1:System.Windows.Controls.GroupBox.$Content,None,FALSE,TRUE,,#StackPanel_2;
Sakura.Tools.Aoe2FontGenerator.g.resources:outputsettingpage.baml,GroupBox_1:System.Windows.FrameworkElement.Margin,None,FALSE,TRUE,,3
Sakura.Tools.Aoe2FontGenerator.g.resources:outputsettingpage.baml,local:ImageItem_1:Sakura.Tools.Aoe2FontGenerator.Controls.ImageItem.$Content,Label,TRUE,TRUE,,0
Sakura.Tools.Aoe2FontGenerator.g.resources:outputsettingpage.baml,local:ImageItem_1:Sakura.Tools.Aoe2FontGenerator.Controls.ImageItem.Image,Label,TRUE,TRUE,,/Images/Save_16x.png
Sakura.Tools.Aoe2FontGenerator.g.resources:outputsettingpage.baml,local:ImageItem_1:Sakura.Tools.Aoe2FontGenerator.Controls.ImageItem.Text,Label,TRUE,TRUE,,输出位置
Sakura.Tools.Aoe2FontGenerator.g.resources:outputsettingpage.baml,StackPanel_2:System.Windows.Controls.StackPanel.Orientation,None,FALSE,TRUE,,Vertical
Sakura.Tools.Aoe2FontGenerator.g.resources:outputsettingpage.baml,TextBlock_1:System.Windows.Controls.TextBlock.$Content,Text,TRUE,TRUE,,设置输出目标目录。所有产生的文件都会放在这个目录中。你可以使用“浏览”按钮选择一个系统中现有的文件夹。
Sakura.Tools.Aoe2FontGenerator.g.resources:outputsettingpage.baml,TextBlock_1:System.Windows.FrameworkElement.Margin,None,FALSE,TRUE,,3
Sakura.Tools.Aoe2FontGenerator.g.resources:outputsettingpage.baml,TextBlock_1:System.Windows.Controls.TextBlock.TextWrapping,None,FALSE,TRUE,,Wrap
Sakura.Tools.Aoe2FontGenerator.g.resources:outputsettingpage.baml,TextBlock_1:System.Windows.Controls.TextBlock.Foreground,None,FALSE,TRUE,,\#FF808080
Sakura.Tools.Aoe2FontGenerator.g.resources:outputsettingpage.baml,Label_1:System.Windows.Controls.Label.$Content,Label,TRUE,TRUE,,输出目录(_O):
Sakura.Tools.Aoe2FontGenerator.g.resources:outputsettingpage.baml,Label_1:System.Windows.FrameworkElement.Margin,None,FALSE,TRUE,,3
Sakura.Tools.Aoe2FontGenerator.g.resources:outputsettingpage.baml,Label_1:System.Windows.Controls.Grid.Column,None,FALSE,TRUE,,0
Sakura.Tools.Aoe2FontGenerator.g.resources:outputsettingpage.baml,OutputDirectoryTextBox:System.Windows.Controls.TextBox.$Content,Text,TRUE,TRUE,,0
Sakura.Tools.Aoe2FontGenerator.g.resources:outputsettingpage.baml,OutputDirectoryTextBox:System.Windows.FrameworkElement.Margin,None,FALSE,TRUE,,3
Sakura.Tools.Aoe2FontGenerator.g.resources:outputsettingpage.baml,OutputDirectoryTextBox:System.Windows.Controls.Grid.Column,None,FALSE,TRUE,,1
Sakura.Tools.Aoe2FontGenerator.g.resources:outputsettingpage.baml,BrowseOutputDirButton:System.Windows.Controls.Button.$Content,Button,TRUE,TRUE,,浏览(_B)...
Sakura.Tools.Aoe2FontGenerator.g.resources:outputsettingpage.baml,BrowseOutputDirButton:System.Windows.FrameworkElement.Margin,None,FALSE,TRUE,,3
Sakura.Tools.Aoe2FontGenerator.g.resources:outputsettingpage.baml,BrowseOutputDirButton:System.Windows.Controls.Grid.Column,None,FALSE,TRUE,,2
Sakura.Tools.Aoe2FontGenerator.g.resources:outputsettingpage.baml,GroupBox_2:System.Windows.Controls.GroupBox.$Content,None,FALSE,TRUE,,#StackPanel_3;
Sakura.Tools.Aoe2FontGenerator.g.resources:outputsettingpage.baml,GroupBox_2:System.Windows.FrameworkElement.Margin,None,FALSE,TRUE,,3
Sakura.Tools.Aoe2FontGenerator.g.resources:outputsettingpage.baml,local:ImageItem_2:Sakura.Tools.Aoe2FontGenerator.Controls.ImageItem.$Content,Label,TRUE,TRUE,,0
Sakura.Tools.Aoe2FontGenerator.g.resources:outputsettingpage.baml,local:ImageItem_2:Sakura.Tools.Aoe2FontGenerator.Controls.ImageItem.Image,Label,TRUE,TRUE,,/Images/Rename_16x.png
Sakura.Tools.Aoe2FontGenerator.g.resources:outputsettingpage.baml,local:ImageItem_2:Sakura.Tools.Aoe2FontGenerator.Controls.ImageItem.Text,Label,TRUE,TRUE,,文件命名(_F)
Sakura.Tools.Aoe2FontGenerator.g.resources:outputsettingpage.baml,StackPanel_3:System.Windows.Controls.StackPanel.Orientation,None,FALSE,TRUE,,Vertical
Sakura.Tools.Aoe2FontGenerator.g.resources:outputsettingpage.baml,TextBlock_2:System.Windows.Controls.TextBlock.$Content,Text,TRUE,TRUE,,"设置输出文件的名称。文件包含两个部分：一个打包了所有字形信息的元数据文件，以及一系列存放不同字形图案的 DirectDraw 纹理文件。纹理文件需要通过格式字符串指定生成的名称格式。如果你想要了解更多有关字符串格式化的信息，请参考<a Uid=""Hyperlink_1"">.NET 复合格式介绍</a>。"
Sakura.Tools.Aoe2FontGenerator.g.resources:outputsettingpage.baml,TextBlock_2:System.Windows.FrameworkElement.Margin,None,FALSE,TRUE,,3
Sakura.Tools.Aoe2FontGenerator.g.resources:outputsettingpage.baml,TextBlock_2:System.Windows.Controls.TextBlock.TextWrapping,None,FALSE,TRUE,,Wrap
Sakura.Tools.Aoe2FontGenerator.g.resources:outputsettingpage.baml,TextBlock_2:System.Windows.Controls.TextBlock.Foreground,None,FALSE,TRUE,,\#FF808080
Sakura.Tools.Aoe2FontGenerator.g.resources:outputsettingpage.baml,Hyperlink_1:System.Windows.Documents.Hyperlink.NavigateUri,Hyperlink,TRUE,TRUE,,https://docs.microsoft.com/dotnet/standard/base-types/formatting-types\#composite-formatting
Sakura.Tools.Aoe2FontGenerator.g.resources:outputsettingpage.baml,Label_2:System.Windows.Controls.Label.$Content,Label,TRUE,TRUE,,元数据文件名(_M):
Sakura.Tools.Aoe2FontGenerator.g.resources:outputsettingpage.baml,Label_2:System.Windows.FrameworkElement.Margin,None,FALSE,TRUE,,3
Sakura.Tools.Aoe2FontGenerator.g.resources:outputsettingpage.baml,Label_2:System.Windows.Controls.Grid.Row,None,FALSE,TRUE,,0
Sakura.Tools.Aoe2FontGenerator.g.resources:outputsettingpage.baml,Label_2:System.Windows.Controls.Grid.Column,None,FALSE,TRUE,,0
Sakura.Tools.Aoe2FontGenerator.g.resources:outputsettingpage.baml,MetaDataFileNameTextBox:System.Windows.Controls.TextBox.$Content,Text,TRUE,TRUE,,0
Sakura.Tools.Aoe2FontGenerator.g.resources:outputsettingpage.baml,MetaDataFileNameTextBox:System.Windows.FrameworkElement.Margin,None,FALSE,TRUE,,3
Sakura.Tools.Aoe2FontGenerator.g.resources:outputsettingpage.baml,MetaDataFileNameTextBox:System.Windows.Controls.Grid.Row,None,FALSE,TRUE,,0
Sakura.Tools.Aoe2FontGenerator.g.resources:outputsettingpage.baml,MetaDataFileNameTextBox:System.Windows.Controls.Grid.Column,None,FALSE,TRUE,,1
Sakura.Tools.Aoe2FontGenerator.g.resources:outputsettingpage.baml,Label_3:System.Windows.Controls.Label.$Content,Label,TRUE,TRUE,,纹理文件名格式(_S):
Sakura.Tools.Aoe2FontGenerator.g.resources:outputsettingpage.baml,Label_3:System.Windows.FrameworkElement.Margin,None,FALSE,TRUE,,3
Sakura.Tools.Aoe2FontGenerator.g.resources:outputsettingpage.baml,Label_3:System.Windows.Controls.Grid.Row,None,FALSE,TRUE,,1
Sakura.Tools.Aoe2FontGenerator.g.resources:outputsettingpage.baml,Label_3:System.Windows.Controls.Grid.Column,None,FALSE,TRUE,,0
Sakura.Tools.Aoe2FontGenerator.g.resources:outputsettingpage.baml,SurfaceFileFormatTextBox:System.Windows.Controls.TextBox.$Content,Text,TRUE,TRUE,,0
Sakura.Tools.Aoe2FontGenerator.g.resources:outputsettingpage.baml,SurfaceFileFormatTextBox:System.Windows.FrameworkElement.Margin,None,FALSE,TRUE,,3
Sakura.Tools.Aoe2FontGenerator.g.resources:outputsettingpage.baml,SurfaceFileFormatTextBox:System.Windows.Controls.Grid.Row,None,FALSE,TRUE,,1
Sakura.Tools.Aoe2FontGenerator.g.resources:outputsettingpage.baml,SurfaceFileFormatTextBox:System.Windows.Controls.Grid.Column,None,FALSE,TRUE,,1
Sakura.Tools.Aoe2FontGenerator.g.resources:outputsettingpage.baml,Separator_1:System.Windows.Controls.Separator.$Content,None,FALSE,TRUE,,0
Sakura.Tools.Aoe2FontGenerator.g.resources:outputsettingpage.baml,Separator_1:System.Windows.FrameworkElement.Margin,None,FALSE,TRUE,,3
Sakura.Tools.Aoe2FontGenerator.g.resources:outputsettingpage.baml,TextBlock_3:System.Windows.Controls.TextBlock.$Content,Text,TRUE,TRUE,,你可以使用下面的按钮快速将两种文件名设置为游戏中使用的默认文件名。
Sakura.Tools.Aoe2FontGenerator.g.resources:outputsettingpage.baml,TextBlock_3:System.Windows.FrameworkElement.Margin,None,FALSE,TRUE,,3
Sakura.Tools.Aoe2FontGenerator.g.resources:outputsettingpage.baml,TextBlock_3:System.Windows.Controls.TextBlock.TextWrapping,None,FALSE,TRUE,,Wrap
Sakura.Tools.Aoe2FontGenerator.g.resources:outputsettingpage.baml,TextBlock_3:System.Windows.Controls.TextBlock.Foreground,None,FALSE,TRUE,,\#FF808080
Sakura.Tools.Aoe2FontGenerator.g.resources:outputsettingpage.baml,SetAsDefaultButton:System.Windows.Controls.Button.$Content,Button,TRUE,TRUE,,设置为默认字体文件名称
Sakura.Tools.Aoe2FontGenerator.g.resources:outputsettingpage.baml,SetAsDefaultButton:System.Windows.FrameworkElement.Margin,None,FALSE,TRUE,,3
Sakura.Tools.Aoe2FontGenerator.g.resources:outputsettingpage.baml,SetAsDefaultButton:System.Windows.Controls.Grid.Column,None,FALSE,TRUE,,0
Sakura.Tools.Aoe2FontGenerator.g.resources:outputsettingpage.baml,SetAsDefaultSansSerifButton:System.Windows.Controls.Button.$Content,Button,TRUE,TRUE,,设置为默认无衬线字体文件名称
Sakura.Tools.Aoe2FontGenerator.g.resources:outputsettingpage.baml,SetAsDefaultSansSerifButton:System.Windows.FrameworkElement.Margin,None,FALSE,TRUE,,3
Sakura.Tools.Aoe2FontGenerator.g.resources:outputsettingpage.baml,SetAsDefaultSansSerifButton:System.Windows.Controls.Grid.Column,None,FALSE,TRUE,,1
Sakura.Tools.Aoe2FontGenerator.g.resources:charsetmappingwindow.baml,Me:Sakura.Tools.Aoe2FontGenerator.CharSetMappingWindow.$Content,None,TRUE,TRUE,,#Grid_1;
Sakura.Tools.Aoe2FontGenerator.g.resources:charsetmappingwindow.baml,Me:System.Windows.Window.Title,Title,TRUE,TRUE,,字符集和字体设置
Sakura.Tools.Aoe2FontGenerator.g.resources:charsetmappingwindow.baml,Me:System.Windows.FrameworkElement.Height,None,FALSE,TRUE,,600
Sakura.Tools.Aoe2FontGenerator.g.resources:charsetmappingwindow.baml,Me:System.Windows.FrameworkElement.Width,None,FALSE,TRUE,,800
Sakura.Tools.Aoe2FontGenerator.g.resources:charsetmappingwindow.baml,Me:System.Windows.Window.WindowStartupLocation,None,FALSE,TRUE,,CenterOwner
Sakura.Tools.Aoe2FontGenerator.g.resources:charsetmappingwindow.baml,Me:System.Windows.Window.WindowStyle,None,TRUE,FALSE,,ToolWindow
Sakura.Tools.Aoe2FontGenerator.g.resources:charsetmappingwindow.baml,Me:System.Windows.FrameworkElement.UseLayoutRounding,None,FALSE,TRUE,,TRUE
Sakura.Tools.Aoe2FontGenerator.g.resources:charsetmappingwindow.baml,Grid_1:System.Windows.FrameworkElement.Margin,None,FALSE,TRUE,,10
Sakura.Tools.Aoe2FontGenerator.g.resources:charsetmappingwindow.baml,TabControl_1:System.Windows.Controls.TabControl.$Content,None,FALSE,TRUE,,#TabItem_1;#TabItem_2;#TabItem_3;
Sakura.Tools.Aoe2FontGenerator.g.resources:charsetmappingwindow.baml,TabItem_1:System.Windows.Controls.TabItem.$Content,Text,TRUE,TRUE,,#controls:FontSourceSelector_1;
Sakura.Tools.Aoe2FontGenerator.g.resources:charsetmappingwindow.baml,controls:ImageItem_1:Sakura.Tools.Aoe2FontGenerator.Controls.ImageItem.$Content,Label,TRUE,TRUE,,0
Sakura.Tools.Aoe2FontGenerator.g.resources:charsetmappingwindow.baml,controls:ImageItem_1:Sakura.Tools.Aoe2FontGenerator.Controls.ImageItem.Image,Label,TRUE,TRUE,,/Images/Font_16x.png
Sakura.Tools.Aoe2FontGenerator.g.resources:charsetmappingwindow.baml,controls:ImageItem_1:Sakura.Tools.Aoe2FontGenerator.Controls.ImageItem.Text,Label,TRUE,TRUE,,字体源
Sakura.Tools.Aoe2FontGenerator.g.resources:charsetmappingwindow.baml,controls:FontSourceSelector_1:Sakura.Tools.Aoe2FontGenerator.Controls.FontSourceSelector.$Content,Text,TRUE,TRUE,,0
Sakura.Tools.Aoe2FontGenerator.g.resources:charsetmappingwindow.baml,TabItem_2:System.Windows.Controls.TabItem.$Content,Text,TRUE,TRUE,,#controls:CharSetSourceSelector_1;
Sakura.Tools.Aoe2FontGenerator.g.resources:charsetmappingwindow.baml,controls:ImageItem_2:Sakura.Tools.Aoe2FontGenerator.Controls.ImageItem.$Content,Label,TRUE,TRUE,,0
Sakura.Tools.Aoe2FontGenerator.g.resources:charsetmappingwindow.baml,controls:ImageItem_2:Sakura.Tools.Aoe2FontGenerator.Controls.ImageItem.Image,Label,TRUE,TRUE,,/Images/String_16x.png
Sakura.Tools.Aoe2FontGenerator.g.resources:charsetmappingwindow.baml,controls:ImageItem_2:Sakura.Tools.Aoe2FontGenerator.Controls.ImageItem.Text,Label,TRUE,TRUE,,字符集源
Sakura.Tools.Aoe2FontGenerator.g.resources:charsetmappingwindow.baml,controls:CharSetSourceSelector_1:Sakura.Tools.Aoe2FontGenerator.Controls.CharSetSourceSelector.$Content,Text,TRUE,TRUE,,0
Sakura.Tools.Aoe2FontGenerator.g.resources:charsetmappingwindow.baml,TabItem_3:System.Windows.Controls.TabItem.$Content,Text,TRUE,TRUE,,#controls:MappingSettingPanel_1;
Sakura.Tools.Aoe2FontGenerator.g.resources:charsetmappingwindow.baml,controls:ImageItem_3:Sakura.Tools.Aoe2FontGenerator.Controls.ImageItem.$Content,Label,TRUE,TRUE,,0
Sakura.Tools.Aoe2FontGenerator.g.resources:charsetmappingwindow.baml,controls:ImageItem_3:Sakura.Tools.Aoe2FontGenerator.Controls.ImageItem.Image,Label,TRUE,TRUE,,/Images/AutosizeOptimize_16x.png
Sakura.Tools.Aoe2FontGenerator.g.resources:charsetmappingwindow.baml,controls:ImageItem_3:Sakura.Tools.Aoe2FontGenerator.Controls.ImageItem.Text,Label,TRUE,TRUE,,字形调整
Sakura.Tools.Aoe2FontGenerator.g.resources:charsetmappingwindow.baml,controls:MappingSettingPanel_1:Sakura.Tools.Aoe2FontGenerator.Controls.MappingSettingPanel.$Content,Text,TRUE,TRUE,,0
Sakura.Tools.Aoe2FontGenerator.g.resources:generalsettingpage.baml,Me:Sakura.Tools.Aoe2FontGenerator.Controls.GeneralSettingPage.$Content,None,TRUE,TRUE,,#Grid_1;
Sakura.Tools.Aoe2FontGenerator.g.resources:generalsettingpage.baml,Grid_1:System.Windows.Controls.Grid.IsSharedSizeScope,None,FALSE,TRUE,,TRUE
Sakura.Tools.Aoe2FontGenerator.g.resources:generalsettingpage.baml,StackPanel_1:System.Windows.Controls.StackPanel.Orientation,None,FALSE,TRUE,,Vertical
Sakura.Tools.Aoe2FontGenerator.g.resources:generalsettingpage.baml,GroupBox_1:System.Windows.Controls.GroupBox.$Content,None,FALSE,TRUE,,#StackPanel_2;
Sakura.Tools.Aoe2FontGenerator.g.resources:generalsettingpage.baml,GroupBox_1:System.Windows.FrameworkElement.Margin,None,FALSE,TRUE,,3
Sakura.Tools.Aoe2FontGenerator.g.resources:generalsettingpage.baml,local:ImageItem_1:Sakura.Tools.Aoe2FontGenerator.Controls.ImageItem.$Content,Label,TRUE,TRUE,,0
Sakura.Tools.Aoe2FontGenerator.g.resources:generalsettingpage.baml,local:ImageItem_1:Sakura.Tools.Aoe2FontGenerator.Controls.ImageItem.Image,Label,TRUE,TRUE,,/Images/CanvasElement_16x.png
Sakura.Tools.Aoe2FontGenerator.g.resources:generalsettingpage.baml,local:ImageItem_1:Sakura.Tools.Aoe2FontGenerator.Controls.ImageItem.Text,Label,TRUE,TRUE,,纹理尺寸
Sakura.Tools.Aoe2FontGenerator.g.resources:generalsettingpage.baml,StackPanel_2:System.Windows.Controls.StackPanel.Orientation,None,FALSE,TRUE,,Vertical
Sakura.Tools.Aoe2FontGenerator.g.resources:generalsettingpage.baml,TextBlock_1:System.Windows.Controls.TextBlock.$Content,Text,TRUE,TRUE,,设置输出的纹理尺寸（以像素为单位）。大纹理能包含更多字形，因此所需要的纹理总会减少，但每个纹理文件需要使用的显存会增加。
Sakura.Tools.Aoe2FontGenerator.g.resources:generalsettingpage.baml,TextBlock_1:System.Windows.FrameworkElement.Margin,None,FALSE,TRUE,,3
Sakura.Tools.Aoe2FontGenerator.g.resources:generalsettingpage.baml,TextBlock_2:System.Windows.Controls.TextBlock.$Content,Text,TRUE,TRUE,,"<b Uid=""Bold_1"">注意：</b>纹理尺寸应当设置为 2 的整数次幂，其它尺寸的纹理可能无法被显卡加载。单个纹理可以设置的最大尺寸由你的显卡决定。"
Sakura.Tools.Aoe2FontGenerator.g.resources:generalsettingpage.baml,TextBlock_2:System.Windows.FrameworkElement.Margin,None,FALSE,TRUE,,3
Sakura.Tools.Aoe2FontGenerator.g.resources:generalsettingpage.baml,Label_1:System.Windows.Controls.Label.$Content,Label,TRUE,TRUE,,纹理尺寸（像素）(_T):
Sakura.Tools.Aoe2FontGenerator.g.resources:generalsettingpage.baml,Label_1:System.Windows.FrameworkElement.Margin,None,FALSE,TRUE,,3
Sakura.Tools.Aoe2FontGenerator.g.resources:generalsettingpage.baml,Label_1:System.Windows.Controls.Grid.Column,None,FALSE,TRUE,,0
Sakura.Tools.Aoe2FontGenerator.g.resources:generalsettingpage.baml,TextBox_1:System.Windows.Controls.TextBox.$Content,Text,TRUE,TRUE,,0
Sakura.Tools.Aoe2FontGenerator.g.resources:generalsettingpage.baml,TextBox_1:System.Windows.FrameworkElement.Margin,None,FALSE,TRUE,,3
Sakura.Tools.Aoe2FontGenerator.g.resources:generalsettingpage.baml,TextBox_1:System.Windows.Controls.Grid.Column,None,FALSE,TRUE,,1
Sakura.Tools.Aoe2FontGenerator.g.resources:generalsettingpage.baml,GroupBox_2:System.Windows.Controls.GroupBox.$Content,None,FALSE,TRUE,,#StackPanel_3;
Sakura.Tools.Aoe2FontGenerator.g.resources:generalsettingpage.baml,GroupBox_2:System.Windows.FrameworkElement.Margin,None,FALSE,TRUE,,3
Sakura.Tools.Aoe2FontGenerator.g.resources:generalsettingpage.baml,local:ImageItem_2:Sakura.Tools.Aoe2FontGenerator.Controls.ImageItem.$Content,Label,TRUE,TRUE,,0
Sakura.Tools.Aoe2FontGenerator.g.resources:generalsettingpage.baml,local:ImageItem_2:Sakura.Tools.Aoe2FontGenerator.Controls.ImageItem.Image,Label,TRUE,TRUE,,/Images/Label_16x.png
Sakura.Tools.Aoe2FontGenerator.g.resources:generalsettingpage.baml,local:ImageItem_2:Sakura.Tools.Aoe2FontGenerator.Controls.ImageItem.Text,Label,TRUE,TRUE,,字形尺寸
Sakura.Tools.Aoe2FontGenerator.g.resources:generalsettingpage.baml,StackPanel_3:System.Windows.Controls.StackPanel.Orientation,None,FALSE,TRUE,,Vertical
Sakura.Tools.Aoe2FontGenerator.g.resources:generalsettingpage.baml,TextBlock_3:System.Windows.Controls.TextBlock.$Content,Text,TRUE,TRUE,,设置字形的期望尺寸（以像素为单位）。字形尺寸用于生成字形图样，同时也在游戏中用于控制每行文字的行高。增大字形尺寸可以在高分辨率下让文字显示更清晰，但会增加所需纹理的数量，因此会提高显存需求。
Sakura.Tools.Aoe2FontGenerator.g.resources:generalsettingpage.baml,TextBlock_3:System.Windows.FrameworkElement.Margin,None,FALSE,TRUE,,3
Sakura.Tools.Aoe2FontGenerator.g.resources:generalsettingpage.baml,Label_2:System.Windows.Controls.Label.$Content,Label,TRUE,TRUE,,字形尺寸（像素）(_G):
Sakura.Tools.Aoe2FontGenerator.g.resources:generalsettingpage.baml,Label_2:System.Windows.FrameworkElement.Margin,None,FALSE,TRUE,,3
Sakura.Tools.Aoe2FontGenerator.g.resources:generalsettingpage.baml,Label_2:System.Windows.Controls.Grid.Column,None,FALSE,TRUE,,0
Sakura.Tools.Aoe2FontGenerator.g.resources:generalsettingpage.baml,TextBox_2:System.Windows.Controls.TextBox.$Content,Text,TRUE,TRUE,,0
Sakura.Tools.Aoe2FontGenerator.g.resources:generalsettingpage.baml,TextBox_2:System.Windows.FrameworkElement.Margin,None,FALSE,TRUE,,3
Sakura.Tools.Aoe2FontGenerator.g.resources:generalsettingpage.baml,TextBox_2:System.Windows.Controls.Grid.Column,None,FALSE,TRUE,,1
Sakura.Tools.Aoe2FontGenerator.g.resources:generalsettingpage.baml,GroupBox_3:System.Windows.Controls.GroupBox.$Content,None,FALSE,TRUE,,#StackPanel_4;
Sakura.Tools.Aoe2FontGenerator.g.resources:generalsettingpage.baml,GroupBox_3:System.Windows.FrameworkElement.Margin,None,FALSE,TRUE,,3
Sakura.Tools.Aoe2FontGenerator.g.resources:generalsettingpage.baml,local:ImageItem_3:Sakura.Tools.Aoe2FontGenerator.Controls.ImageItem.$Content,Label,TRUE,TRUE,,0
Sakura.Tools.Aoe2FontGenerator.g.resources:generalsettingpage.baml,local:ImageItem_3:Sakura.Tools.Aoe2FontGenerator.Controls.ImageItem.Image,Label,TRUE,TRUE,,/Images/RemoveHorizontalSpace_16x.png
Sakura.Tools.Aoe2FontGenerator.g.resources:generalsettingpage.baml,local:ImageItem_3:Sakura.Tools.Aoe2FontGenerator.Controls.ImageItem.Text,Label,TRUE,TRUE,,字形间距
Sakura.Tools.Aoe2FontGenerator.g.resources:generalsettingpage.baml,StackPanel_4:System.Windows.Controls.StackPanel.Orientation,None,FALSE,TRUE,,Vertical
Sakura.Tools.Aoe2FontGenerator.g.resources:generalsettingpage.baml,TextBlock_4:System.Windows.Controls.TextBlock.$Content,Text,TRUE,TRUE,,设置字形的间距（以像素为单位）。字形间距用于在绘制纹理时分割每个字形。如果你发现字形之间产生重叠，可以考虑增大间距，但这会减少纹理能包含的字形数量。
Sakura.Tools.Aoe2FontGenerator.g.resources:generalsettingpage.baml,TextBlock_4:System.Windows.FrameworkElement.Margin,None,FALSE,TRUE,,3
Sakura.Tools.Aoe2FontGenerator.g.resources:generalsettingpage.baml,Label_3:System.Windows.Controls.Label.$Content,Label,TRUE,TRUE,,字形间距（像素）(_S):
Sakura.Tools.Aoe2FontGenerator.g.resources:generalsettingpage.baml,Label_3:System.Windows.FrameworkElement.Margin,None,FALSE,TRUE,,3
Sakura.Tools.Aoe2FontGenerator.g.resources:generalsettingpage.baml,Label_3:System.Windows.Controls.Grid.Column,None,FALSE,TRUE,,0
Sakura.Tools.Aoe2FontGenerator.g.resources:generalsettingpage.baml,TextBox_3:System.Windows.Controls.TextBox.$Content,Text,TRUE,TRUE,,0
Sakura.Tools.Aoe2FontGenerator.g.resources:generalsettingpage.baml,TextBox_3:System.Windows.FrameworkElement.Margin,None,FALSE,TRUE,,3
Sakura.Tools.Aoe2FontGenerator.g.resources:generalsettingpage.baml,TextBox_3:System.Windows.Controls.Grid.Column,None,FALSE,TRUE,,1
Sakura.Tools.Aoe2FontGenerator.g.resources:mappingsettingpanel.baml,Me:Sakura.Tools.Aoe2FontGenerator.Controls.MappingSettingPanel.$Content,None,TRUE,TRUE,,#Grid_1;
Sakura.Tools.Aoe2FontGenerator.g.resources:mappingsettingpanel.baml,Grid_1:System.Windows.Controls.Grid.IsSharedSizeScope,None,FALSE,TRUE,,TRUE
Sakura.Tools.Aoe2FontGenerator.g.resources:mappingsettingpanel.baml,StackPanel_1:System.Windows.Controls.StackPanel.Orientation,None,FALSE,TRUE,,Vertical
Sakura.Tools.Aoe2FontGenerator.g.resources:mappingsettingpanel.baml,GroupBox_1:System.Windows.Controls.GroupBox.$Content,None,FALSE,TRUE,,#StackPanel_2;
Sakura.Tools.Aoe2FontGenerator.g.resources:mappingsettingpanel.baml,GroupBox_1:System.Windows.FrameworkElement.Margin,None,FALSE,TRUE,,3
Sakura.Tools.Aoe2FontGenerator.g.resources:mappingsettingpanel.baml,controls:ImageItem_1:Sakura.Tools.Aoe2FontGenerator.Controls.ImageItem.$Content,Label,TRUE,TRUE,,0
Sakura.Tools.Aoe2FontGenerator.g.resources:mappingsettingpanel.baml,controls:ImageItem_1:Sakura.Tools.Aoe2FontGenerator.Controls.ImageItem.Image,Label,TRUE,TRUE,,/Images/AutosizeOptimize_16x.png
Sakura.Tools.Aoe2FontGenerator.g.resources:mappingsettingpanel.baml,controls:ImageItem_1:Sakura.Tools.Aoe2FontGenerator.Controls.ImageItem.Text,Label,TRUE,TRUE,,字形尺寸缩放
Sakura.Tools.Aoe2FontGenerator.g.resources:mappingsettingpanel.baml,StackPanel_2:System.Windows.Controls.StackPanel.Orientation,None,FALSE,TRUE,,Vertical
Sakura.Tools.Aoe2FontGenerator.g.resources:mappingsettingpanel.baml,TextBlock_1:System.Windows.Controls.TextBlock.$Content,Text,TRUE,TRUE,,这个程序会自动使用字形尺寸来生成字体中的字形。然而许多字体生成的字形大小往往和请求的大小有差异。你可以通过下面的滑动槽按比例缩放实际生成字形的尺寸。
Sakura.Tools.Aoe2FontGenerator.g.resources:mappingsettingpanel.baml,TextBlock_1:System.Windows.FrameworkElement.Margin,None,FALSE,TRUE,,3
Sakura.Tools.Aoe2FontGenerator.g.resources:mappingsettingpanel.baml,TextBlock_2:System.Windows.Controls.TextBlock.$Content,Text,TRUE,TRUE,,"<b Uid=""Bold_1"">注意：</b>如果你在游戏界面中看到某些字符显示混乱，很可能是因为实际字形大小超过了预设的大小导致显卡内存数据受到影响。在这种情况下，你必须缩小字形才能修复这个问题。"
Sakura.Tools.Aoe2FontGenerator.g.resources:mappingsettingpanel.baml,TextBlock_2:System.Windows.FrameworkElement.Margin,None,FALSE,TRUE,,3
Sakura.Tools.Aoe2FontGenerator.g.resources:mappingsettingpanel.baml,Label_1:System.Windows.Controls.Label.$Content,Label,TRUE,TRUE,,字形尺寸缩放比例(_R):
Sakura.Tools.Aoe2FontGenerator.g.resources:mappingsettingpanel.baml,Label_1:System.Windows.FrameworkElement.Margin,None,FALSE,TRUE,,3
Sakura.Tools.Aoe2FontGenerator.g.resources:mappingsettingpanel.baml,Label_1:System.Windows.Controls.Grid.Column,None,FALSE,TRUE,,0
Sakura.Tools.Aoe2FontGenerator.g.resources:mappingsettingpanel.baml,GlyphSizeRatioSlider:System.Windows.FrameworkElement.Margin,None,FALSE,TRUE,,3
Sakura.Tools.Aoe2FontGenerator.g.resources:mappingsettingpanel.baml,GlyphSizeRatioSlider:System.Windows.Controls.Grid.Column,None,FALSE,TRUE,,1
Sakura.Tools.Aoe2FontGenerator.g.resources:mappingsettingpanel.baml,GlyphSizeRatioSlider:System.Windows.FrameworkElement.VerticalAlignment,None,FALSE,TRUE,,Center
Sakura.Tools.Aoe2FontGenerator.g.resources:mappingsettingpanel.baml,GlyphSizeRatioSlider:System.Windows.Controls.Primitives.RangeBase.Minimum,None,FALSE,TRUE,,0
Sakura.Tools.Aoe2FontGenerator.g.resources:mappingsettingpanel.baml,GlyphSizeRatioSlider:System.Windows.Controls.Primitives.RangeBase.Maximum,None,FALSE,TRUE,,2
Sakura.Tools.Aoe2FontGenerator.g.resources:mappingsettingpanel.baml,GlyphSizeRatioSlider:System.Windows.Controls.Slider.AutoToolTipPrecision,None,FALSE,TRUE,,2
Sakura.Tools.Aoe2FontGenerator.g.resources:mappingsettingpanel.baml,GlyphSizeRatioSlider:System.Windows.Controls.Slider.IsSnapToTickEnabled,None,FALSE,TRUE,,TRUE
Sakura.Tools.Aoe2FontGenerator.g.resources:mappingsettingpanel.baml,GlyphSizeRatioSlider:System.Windows.Controls.Slider.TickFrequency,None,FALSE,TRUE,,0.05
Sakura.Tools.Aoe2FontGenerator.g.resources:mappingsettingpanel.baml,TextBox_1:System.Windows.Controls.TextBox.$Content,Text,TRUE,TRUE,,0
Sakura.Tools.Aoe2FontGenerator.g.resources:mappingsettingpanel.baml,TextBox_1:System.Windows.FrameworkElement.Margin,None,FALSE,TRUE,,3
Sakura.Tools.Aoe2FontGenerator.g.resources:mappingsettingpanel.baml,TextBox_1:System.Windows.Controls.Grid.Column,None,FALSE,TRUE,,2
Sakura.Tools.Aoe2FontGenerator.g.resources:mappingsettingpanel.baml,TextBox_1:System.Windows.FrameworkElement.Width,None,FALSE,TRUE,,100
Sakura.Tools.Aoe2FontGenerator.g.resources:mappingsettingpanel.baml,GroupBox_2:System.Windows.Controls.GroupBox.$Content,None,FALSE,TRUE,,#StackPanel_3;
Sakura.Tools.Aoe2FontGenerator.g.resources:mappingsettingpanel.baml,GroupBox_2:System.Windows.FrameworkElement.Margin,None,FALSE,TRUE,,3
Sakura.Tools.Aoe2FontGenerator.g.resources:mappingsettingpanel.baml,controls:ImageItem_2:Sakura.Tools.Aoe2FontGenerator.Controls.ImageItem.$Content,Label,TRUE,TRUE,,0
Sakura.Tools.Aoe2FontGenerator.g.resources:mappingsettingpanel.baml,controls:ImageItem_2:Sakura.Tools.Aoe2FontGenerator.Controls.ImageItem.Image,Label,TRUE,TRUE,,/Images/TextLineHeight_16x.png
Sakura.Tools.Aoe2FontGenerator.g.resources:mappingsettingpanel.baml,controls:ImageItem_2:Sakura.Tools.Aoe2FontGenerator.Controls.ImageItem.Text,Label,TRUE,TRUE,,字形基线偏移
Sakura.Tools.Aoe2FontGenerator.g.resources:mappingsettingpanel.baml,StackPanel_3:System.Windows.Controls.StackPanel.Orientation,None,FALSE,TRUE,,Vertical
Sakura.Tools.Aoe2FontGenerator.g.resources:mappingsettingpanel.baml,TextBlock_3:System.Windows.Controls.TextBlock.$Content,Text,TRUE,TRUE,,有些字体提供的基线位置不正确。如果你发现游戏中文字和界面元素在垂直方向没有对齐，可以尝试调整下面的值（基线位置相对于其原始位置的偏移量，相对于单个字符的标准高度的百分比）以改变文字的垂直位置。
Sakura.Tools.Aoe2FontGenerator.g.resources:mappingsettingpanel.baml,Label_2:System.Windows.Controls.Label.$Content,Label,TRUE,TRUE,,字形基线偏移比例(_O):
Sakura.Tools.Aoe2FontGenerator.g.resources:mappingsettingpanel.baml,Label_2:System.Windows.FrameworkElement.Margin,None,FALSE,TRUE,,3
Sakura.Tools.Aoe2FontGenerator.g.resources:mappingsettingpanel.baml,Label_2:System.Windows.Controls.Grid.Column,None,FALSE,TRUE,,0
Sakura.Tools.Aoe2FontGenerator.g.resources:mappingsettingpanel.baml,GlyphBaselineOffsetRadioSlider:System.Windows.FrameworkElement.Margin,None,FALSE,TRUE,,3
Sakura.Tools.Aoe2FontGenerator.g.resources:mappingsettingpanel.baml,GlyphBaselineOffsetRadioSlider:System.Windows.Controls.Grid.Column,None,FALSE,TRUE,,1
Sakura.Tools.Aoe2FontGenerator.g.resources:mappingsettingpanel.baml,GlyphBaselineOffsetRadioSlider:System.Windows.FrameworkElement.VerticalAlignment,None,FALSE,TRUE,,Center
Sakura.Tools.Aoe2FontGenerator.g.resources:mappingsettingpanel.baml,GlyphBaselineOffsetRadioSlider:System.Windows.Controls.Primitives.RangeBase.Minimum,None,FALSE,TRUE,,-1
Sakura.Tools.Aoe2FontGenerator.g.resources:mappingsettingpanel.baml,GlyphBaselineOffsetRadioSlider:System.Windows.Controls.Primitives.RangeBase.Maximum,None,FALSE,TRUE,,1
Sakura.Tools.Aoe2FontGenerator.g.resources:mappingsettingpanel.baml,GlyphBaselineOffsetRadioSlider:System.Windows.Controls.Slider.AutoToolTipPrecision,None,FALSE,TRUE,,2
Sakura.Tools.Aoe2FontGenerator.g.resources:mappingsettingpanel.baml,GlyphBaselineOffsetRadioSlider:System.Windows.Controls.Slider.IsSnapToTickEnabled,None,FALSE,TRUE,,TRUE
Sakura.Tools.Aoe2FontGenerator.g.resources:mappingsettingpanel.baml,GlyphBaselineOffsetRadioSlider:System.Windows.Controls.Slider.TickFrequency,None,FALSE,TRUE,,0.05
Sakura.Tools.Aoe2FontGenerator.g.resources:mappingsettingpanel.baml,TextBox_2:System.Windows.Controls.TextBox.$Content,Text,TRUE,TRUE,,0
Sakura.Tools.Aoe2FontGenerator.g.resources:mappingsettingpanel.baml,TextBox_2:System.Windows.FrameworkElement.Margin,None,FALSE,TRUE,,3
Sakura.Tools.Aoe2FontGenerator.g.resources:mappingsettingpanel.baml,TextBox_2:System.Windows.Controls.Grid.Column,None,FALSE,TRUE,,2
Sakura.Tools.Aoe2FontGenerator.g.resources:mappingsettingpanel.baml,TextBox_2:System.Windows.FrameworkElement.Width,None,FALSE,TRUE,,100
Sakura.Tools.Aoe2FontGenerator.g.resources:charsetsourceselector.baml,Me:Sakura.Tools.Aoe2FontGenerator.Controls.CharSetSourceSelector.$Content,None,TRUE,TRUE,,#Grid_1;
Sakura.Tools.Aoe2FontGenerator.g.resources:charsetsourceselector.baml,StackPanel_1:System.Windows.Controls.StackPanel.Orientation,None,FALSE,TRUE,,Vertical
Sakura.Tools.Aoe2FontGenerator.g.resources:charsetsourceselector.baml,TextBlock_1:System.Windows.Controls.TextBlock.$Content,Text,TRUE,TRUE,,这个页面用于设置和字体相关的字符集。请从下面的单选框中选择一个字符集来源，其中部分选项还需要提供额外的信息。
Sakura.Tools.Aoe2FontGenerator.g.resources:charsetsourceselector.baml,TextBlock_1:System.Windows.FrameworkElement.Margin,None,FALSE,TRUE,,3
Sakura.Tools.Aoe2FontGenerator.g.resources:charsetsourceselector.baml,TextBlock_2:System.Windows.Controls.TextBlock.$Content,Text,TRUE,TRUE,,"<b Uid=""Bold_1"">注意：</b>因为游戏自身的限制，只有在 Unicode 基本多文种平面（Unicode 码位从 0 到 65535）的字符可以在游戏中显示，其他所有字符游戏都无法加载（无论你选择选择哪种字符集）。"
Sakura.Tools.Aoe2FontGenerator.g.resources:charsetsourceselector.baml,TextBlock_2:System.Windows.FrameworkElement.Margin,None,FALSE,TRUE,,3
Sakura.Tools.Aoe2FontGenerator.g.resources:charsetsourceselector.baml,GroupBox_1:System.Windows.Controls.GroupBox.$Content,None,FALSE,TRUE,,#StackPanel_2;
Sakura.Tools.Aoe2FontGenerator.g.resources:charsetsourceselector.baml,GroupBox_1:System.Windows.FrameworkElement.Margin,None,FALSE,TRUE,,3
Sakura.Tools.Aoe2FontGenerator.g.resources:charsetsourceselector.baml,FullCharSetRadioButton:System.Windows.Controls.RadioButton.$Content,RadioButton,TRUE,TRUE,,#controls:ImageItem_1;
Sakura.Tools.Aoe2FontGenerator.g.resources:charsetsourceselector.baml,controls:ImageItem_1:Sakura.Tools.Aoe2FontGenerator.Controls.ImageItem.$Content,RadioButton,TRUE,TRUE,,0
Sakura.Tools.Aoe2FontGenerator.g.resources:charsetsourceselector.baml,controls:ImageItem_1:Sakura.Tools.Aoe2FontGenerator.Controls.ImageItem.Image,RadioButton,TRUE,TRUE,,/Images/AutoSum_16x.png
Sakura.Tools.Aoe2FontGenerator.g.resources:charsetsourceselector.baml,controls:ImageItem_1:Sakura.Tools.Aoe2FontGenerator.Controls.ImageItem.Text,RadioButton,TRUE,TRUE,,全部字符
Sakura.Tools.Aoe2FontGenerator.g.resources:charsetsourceselector.baml,StackPanel_2:System.Windows.Controls.StackPanel.Orientation,None,FALSE,TRUE,,Vertical
Sakura.Tools.Aoe2FontGenerator.g.resources:charsetsourceselector.baml,TextBlock_3:System.Windows.Controls.TextBlock.$Content,Text,TRUE,TRUE,,生成字体中所有字符的字形。
Sakura.Tools.Aoe2FontGenerator.g.resources:charsetsourceselector.baml,TextBlock_3:System.Windows.FrameworkElement.Margin,None,FALSE,TRUE,,3
Sakura.Tools.Aoe2FontGenerator.g.resources:charsetsourceselector.baml,GroupBox_2:System.Windows.Controls.GroupBox.$Content,None,FALSE,TRUE,,#StackPanel_3;
Sakura.Tools.Aoe2FontGenerator.g.resources:charsetsourceselector.baml,GroupBox_2:System.Windows.FrameworkElement.Margin,None,FALSE,TRUE,,3
Sakura.Tools.Aoe2FontGenerator.g.resources:charsetsourceselector.baml,RangeCharSetRadioButton:System.Windows.Controls.RadioButton.$Content,RadioButton,TRUE,TRUE,,#controls:ImageItem_2;
Sakura.Tools.Aoe2FontGenerator.g.resources:charsetsourceselector.baml,controls:ImageItem_2:Sakura.Tools.Aoe2FontGenerator.Controls.ImageItem.$Content,RadioButton,TRUE,TRUE,,0
Sakura.Tools.Aoe2FontGenerator.g.resources:charsetsourceselector.baml,controls:ImageItem_2:Sakura.Tools.Aoe2FontGenerator.Controls.ImageItem.Image,RadioButton,TRUE,TRUE,,/Images/Filter_16x.png
Sakura.Tools.Aoe2FontGenerator.g.resources:charsetsourceselector.baml,controls:ImageItem_2:Sakura.Tools.Aoe2FontGenerator.Controls.ImageItem.Text,RadioButton,TRUE,TRUE,,指定字符编码范围
Sakura.Tools.Aoe2FontGenerator.g.resources:charsetsourceselector.baml,StackPanel_3:System.Windows.Controls.StackPanel.Orientation,None,FALSE,TRUE,,Vertical
Sakura.Tools.Aoe2FontGenerator.g.resources:charsetsourceselector.baml,TextBlock_4:System.Windows.Controls.TextBlock.$Content,Text,TRUE,TRUE,,"通过指定 Unicode 码位范围来设定字符集。使用横线指定范围起止位置，用逗号分割多个范围。<i Uid=""Italic_1"">例如：</i>“1-2,4,6-8”将会产生 (1,2,4,5,7,8) 这些编码位。"
Sakura.Tools.Aoe2FontGenerator.g.resources:charsetsourceselector.baml,TextBlock_4:System.Windows.FrameworkElement.Margin,None,FALSE,TRUE,,3
Sakura.Tools.Aoe2FontGenerator.g.resources:charsetsourceselector.baml,Label_1:System.Windows.Controls.Label.$Content,Label,TRUE,TRUE,,字符集范围(_R):
Sakura.Tools.Aoe2FontGenerator.g.resources:charsetsourceselector.baml,Label_1:System.Windows.FrameworkElement.Margin,None,FALSE,TRUE,,3
Sakura.Tools.Aoe2FontGenerator.g.resources:charsetsourceselector.baml,Label_1:System.Windows.Controls.Grid.Column,None,FALSE,TRUE,,0
Sakura.Tools.Aoe2FontGenerator.g.resources:charsetsourceselector.baml,TextBox_1:System.Windows.Controls.TextBox.$Content,Text,TRUE,TRUE,,0
Sakura.Tools.Aoe2FontGenerator.g.resources:charsetsourceselector.baml,TextBox_1:System.Windows.FrameworkElement.Margin,None,FALSE,TRUE,,3
Sakura.Tools.Aoe2FontGenerator.g.resources:charsetsourceselector.baml,TextBox_1:System.Windows.Controls.Grid.Column,None,FALSE,TRUE,,1
Sakura.Tools.Aoe2FontGenerator.g.resources:charsetsourceselector.baml,GroupBox_3:System.Windows.Controls.GroupBox.$Content,None,FALSE,TRUE,,#StackPanel_4;
Sakura.Tools.Aoe2FontGenerator.g.resources:charsetsourceselector.baml,GroupBox_3:System.Windows.FrameworkElement.Margin,None,FALSE,TRUE,,3
Sakura.Tools.Aoe2FontGenerator.g.resources:charsetsourceselector.baml,DirectCharSetRadioButton:System.Windows.Controls.RadioButton.$Content,RadioButton,TRUE,TRUE,,#controls:ImageItem_3;
Sakura.Tools.Aoe2FontGenerator.g.resources:charsetsourceselector.baml,controls:ImageItem_3:Sakura.Tools.Aoe2FontGenerator.Controls.ImageItem.$Content,RadioButton,TRUE,TRUE,,0
Sakura.Tools.Aoe2FontGenerator.g.resources:charsetsourceselector.baml,controls:ImageItem_3:Sakura.Tools.Aoe2FontGenerator.Controls.ImageItem.Image,RadioButton,TRUE,TRUE,,/Images/String_16x.png
Sakura.Tools.Aoe2FontGenerator.g.resources:charsetsourceselector.baml,controls:ImageItem_3:Sakura.Tools.Aoe2FontGenerator.Controls.ImageItem.Text,RadioButton,TRUE,TRUE,,字符串中的字符
Sakura.Tools.Aoe2FontGenerator.g.resources:charsetsourceselector.baml,StackPanel_4:System.Windows.Controls.StackPanel.Orientation,None,FALSE,TRUE,,Vertical
Sakura.Tools.Aoe2FontGenerator.g.resources:charsetsourceselector.baml,TextBlock_5:System.Windows.Controls.TextBlock.$Content,Text,TRUE,TRUE,,给定一个字符串，其中包含所有需要包括的字符。重复的字符将被自动忽略。
Sakura.Tools.Aoe2FontGenerator.g.resources:charsetsourceselector.baml,TextBlock_5:System.Windows.FrameworkElement.Margin,None,FALSE,TRUE,,3
Sakura.Tools.Aoe2FontGenerator.g.resources:charsetsourceselector.baml,Label_2:System.Windows.Controls.Label.$Content,Label,TRUE,TRUE,,字符串(_S):
Sakura.Tools.Aoe2FontGenerator.g.resources:charsetsourceselector.baml,Label_2:System.Windows.FrameworkElement.Margin,None,FALSE,TRUE,,3
Sakura.Tools.Aoe2FontGenerator.g.resources:charsetsourceselector.baml,Label_2:System.Windows.FrameworkElement.HorizontalAlignment,None,FALSE,TRUE,,Left
Sakura.Tools.Aoe2FontGenerator.g.resources:charsetsourceselector.baml,TextBox_2:System.Windows.Controls.TextBox.$Content,Text,TRUE,TRUE,,0
Sakura.Tools.Aoe2FontGenerator.g.resources:charsetsourceselector.baml,TextBox_2:System.Windows.FrameworkElement.Margin,None,FALSE,TRUE,,3
Sakura.Tools.Aoe2FontGenerator.g.resources:charsetsourceselector.baml,TextBox_2:System.Windows.Controls.TextBox.MinLines,None,FALSE,TRUE,,3
Sakura.Tools.Aoe2FontGenerator.g.resources:charsetsourceselector.baml,TextBox_2:System.Windows.Controls.Primitives.TextBoxBase.AcceptsReturn,None,FALSE,TRUE,,TRUE
Sakura.Tools.Aoe2FontGenerator.g.resources:charsetsourceselector.baml,TextBox_2:System.Windows.Controls.Primitives.TextBoxBase.AcceptsTab,None,FALSE,TRUE,,TRUE
Sakura.Tools.Aoe2FontGenerator.g.resources:charsetsourceselector.baml,TextBox_2:System.Windows.Controls.Control.VerticalContentAlignment,None,FALSE,TRUE,,Top
Sakura.Tools.Aoe2FontGenerator.g.resources:charsetsourceselector.baml,GroupBox_4:System.Windows.Controls.GroupBox.$Content,None,FALSE,TRUE,,#StackPanel_5;
Sakura.Tools.Aoe2FontGenerator.g.resources:charsetsourceselector.baml,GroupBox_4:System.Windows.FrameworkElement.Margin,None,FALSE,TRUE,,3
Sakura.Tools.Aoe2FontGenerator.g.resources:charsetsourceselector.baml,FileCharSetRadioButton:System.Windows.Controls.RadioButton.$Content,RadioButton,TRUE,TRUE,,#controls:ImageItem_4;
Sakura.Tools.Aoe2FontGenerator.g.resources:charsetsourceselector.baml,controls:ImageItem_4:Sakura.Tools.Aoe2FontGenerator.Controls.ImageItem.$Content,RadioButton,TRUE,TRUE,,0
Sakura.Tools.Aoe2FontGenerator.g.resources:charsetsourceselector.baml,controls:ImageItem_4:Sakura.Tools.Aoe2FontGenerator.Controls.ImageItem.Image,RadioButton,TRUE,TRUE,,/Images/OpenFile_16x.png
Sakura.Tools.Aoe2FontGenerator.g.resources:charsetsourceselector.baml,controls:ImageItem_4:Sakura.Tools.Aoe2FontGenerator.Controls.ImageItem.Text,RadioButton,TRUE,TRUE,,文本文件中的字符(_C)
Sakura.Tools.Aoe2FontGenerator.g.resources:charsetsourceselector.baml,StackPanel_5:System.Windows.Controls.StackPanel.Orientation,None,FALSE,TRUE,,Vertical
Sakura.Tools.Aoe2FontGenerator.g.resources:charsetsourceselector.baml,TextBlock_6:System.Windows.Controls.TextBlock.$Content,Text,TRUE,TRUE,,"给定一个文本文件，其中包含所有需要包括的字符。<b Uid=""Bold_2"">这个文件必须使用 UTF-8 编码。</b>如果需要调整文本的编码，你可以使用 Windows 记事本的“另存为”功能。"
Sakura.Tools.Aoe2FontGenerator.g.resources:charsetsourceselector.baml,TextBlock_6:System.Windows.FrameworkElement.Margin,None,FALSE,TRUE,,3
Sakura.Tools.Aoe2FontGenerator.g.resources:charsetsourceselector.baml,Label_3:System.Windows.Controls.Label.$Content,Label,TRUE,TRUE,,文本文件路径(_T):
Sakura.Tools.Aoe2FontGenerator.g.resources:charsetsourceselector.baml,Label_3:System.Windows.FrameworkElement.Margin,None,FALSE,TRUE,,3
Sakura.Tools.Aoe2FontGenerator.g.resources:charsetsourceselector.baml,Label_3:System.Windows.Controls.Grid.Column,None,FALSE,TRUE,,0
Sakura.Tools.Aoe2FontGenerator.g.resources:charsetsourceselector.baml,TextFilePathTextBox:System.Windows.Controls.TextBox.$Content,Text,TRUE,TRUE,,0
Sakura.Tools.Aoe2FontGenerator.g.resources:charsetsourceselector.baml,TextFilePathTextBox:System.Windows.FrameworkElement.Margin,None,FALSE,TRUE,,3
Sakura.Tools.Aoe2FontGenerator.g.resources:charsetsourceselector.baml,TextFilePathTextBox:System.Windows.Controls.Grid.Column,None,FALSE,TRUE,,1
Sakura.Tools.Aoe2FontGenerator.g.resources:charsetsourceselector.baml,BrowseTextFileButton:System.Windows.Controls.Button.$Content,Button,TRUE,TRUE,,浏览(_B)...
Sakura.Tools.Aoe2FontGenerator.g.resources:charsetsourceselector.baml,BrowseTextFileButton:System.Windows.FrameworkElement.Margin,None,FALSE,TRUE,,3
Sakura.Tools.Aoe2FontGenerator.g.resources:charsetsourceselector.baml,BrowseTextFileButton:System.Windows.Controls.Grid.Column,None,FALSE,TRUE,,2
Sakura.Tools.Aoe2FontGenerator.g.resources:app.baml,Application_1:Sakura.Tools.Aoe2FontGenerator.App.$Content,None,TRUE,TRUE,,0
Sakura.Tools.Aoe2FontGenerator.g.resources:app.baml,ResourceDictionary_2:System.Windows.ResourceDictionary.Source,None,TRUE,FALSE,,/Assets/Strings.xaml
Sakura.Tools.Aoe2FontGenerator.g.resources:app.baml,ResourceDictionary_3:System.Windows.ResourceDictionary.Source,None,TRUE,FALSE,,/Assets/Objects.xaml
Sakura.Tools.Aoe2FontGenerator.g.resources:app.baml,ResourceDictionary_4:System.Windows.ResourceDictionary.Source,None,TRUE,FALSE,,/Assets/Styles.xaml
Sakura.Tools.Aoe2FontGenerator.g.resources:fontsourceselector.baml,Me:Sakura.Tools.Aoe2FontGenerator.Controls.FontSourceSelector.$Content,None,TRUE,TRUE,,#Grid_1;
Sakura.Tools.Aoe2FontGenerator.g.resources:fontsourceselector.baml,StackPanel_1:System.Windows.Controls.StackPanel.Orientation,None,FALSE,TRUE,,Vertical
Sakura.Tools.Aoe2FontGenerator.g.resources:fontsourceselector.baml,TextBlock_1:System.Windows.Controls.TextBlock.$Content,Text,TRUE,TRUE,,这个页面用于选择生成字形所用的字体。请从下面的单选框中选择一个字体来源，其中部分选项还需要提供额外的信息。
Sakura.Tools.Aoe2FontGenerator.g.resources:fontsourceselector.baml,TextBlock_1:System.Windows.FrameworkElement.Margin,None,FALSE,TRUE,,3
Sakura.Tools.Aoe2FontGenerator.g.resources:fontsourceselector.baml,GroupBox_1:System.Windows.Controls.GroupBox.$Content,None,FALSE,TRUE,,#StackPanel_2;
Sakura.Tools.Aoe2FontGenerator.g.resources:fontsourceselector.baml,GroupBox_1:System.Windows.FrameworkElement.Margin,None,FALSE,TRUE,,3
Sakura.Tools.Aoe2FontGenerator.g.resources:fontsourceselector.baml,SystemFontRadioButton:System.Windows.Controls.RadioButton.$Content,RadioButton,TRUE,TRUE,,#controls:ImageItem_1;
Sakura.Tools.Aoe2FontGenerator.g.resources:fontsourceselector.baml,controls:ImageItem_1:Sakura.Tools.Aoe2FontGenerator.Controls.ImageItem.$Content,RadioButton,TRUE,TRUE,,0
Sakura.Tools.Aoe2FontGenerator.g.resources:fontsourceselector.baml,controls:ImageItem_1:Sakura.Tools.Aoe2FontGenerator.Controls.ImageItem.Image,RadioButton,TRUE,TRUE,,/Images/Font_16x.png
Sakura.Tools.Aoe2FontGenerator.g.resources:fontsourceselector.baml,controls:ImageItem_1:Sakura.Tools.Aoe2FontGenerator.Controls.ImageItem.Text,RadioButton,TRUE,TRUE,,系统字体
Sakura.Tools.Aoe2FontGenerator.g.resources:fontsourceselector.baml,StackPanel_2:System.Windows.Controls.StackPanel.Orientation,None,FALSE,TRUE,,Vertical
Sakura.Tools.Aoe2FontGenerator.g.resources:fontsourceselector.baml,TextBlock_2:System.Windows.Controls.TextBlock.$Content,Text,TRUE,TRUE,,使用“浏览”按钮选择一个系统中现有的字体。选择字体的尺寸会被忽略，在实际生成时会使用设定的输出字形尺寸。
Sakura.Tools.Aoe2FontGenerator.g.resources:fontsourceselector.baml,TextBlock_2:System.Windows.FrameworkElement.Margin,None,FALSE,TRUE,,3
Sakura.Tools.Aoe2FontGenerator.g.resources:fontsourceselector.baml,Label_1:System.Windows.Controls.Label.$Content,Label,TRUE,TRUE,,选择的字体文件：
Sakura.Tools.Aoe2FontGenerator.g.resources:fontsourceselector.baml,Label_1:System.Windows.FrameworkElement.Margin,None,FALSE,TRUE,,3
Sakura.Tools.Aoe2FontGenerator.g.resources:fontsourceselector.baml,Label_1:System.Windows.Controls.Grid.Column,None,FALSE,TRUE,,0
Sakura.Tools.Aoe2FontGenerator.g.resources:fontsourceselector.baml,ContentControl_1:System.Windows.Controls.ContentControl.$Content,None,FALSE,TRUE,,0
Sakura.Tools.Aoe2FontGenerator.g.resources:fontsourceselector.baml,ContentControl_1:System.Windows.FrameworkElement.Margin,None,FALSE,TRUE,,3
Sakura.Tools.Aoe2FontGenerator.g.resources:fontsourceselector.baml,ContentControl_1:System.Windows.Controls.Grid.Column,None,FALSE,TRUE,,1
Sakura.Tools.Aoe2FontGenerator.g.resources:fontsourceselector.baml,ContentControl_1:System.Windows.FrameworkElement.VerticalAlignment,None,FALSE,TRUE,,Center
Sakura.Tools.Aoe2FontGenerator.g.resources:fontsourceselector.baml,Container:System.Windows.Controls.ContentPresenter.$Content,None,FALSE,TRUE,,0
Sakura.Tools.Aoe2FontGenerator.g.resources:fontsourceselector.baml,Container:System.Windows.FrameworkElement.VerticalAlignment,None,FALSE,TRUE,,Center
Sakura.Tools.Aoe2FontGenerator.g.resources:fontsourceselector.baml,NotSelectedText:System.Windows.Controls.TextBlock.$Content,Text,TRUE,TRUE,,未选择
Sakura.Tools.Aoe2FontGenerator.g.resources:fontsourceselector.baml,NotSelectedText:System.Windows.Controls.TextBlock.Foreground,None,FALSE,TRUE,,\#FF808080
Sakura.Tools.Aoe2FontGenerator.g.resources:fontsourceselector.baml,NotSelectedText:System.Windows.UIElement.Visibility,None,FALSE,TRUE,,Collapsed
Sakura.Tools.Aoe2FontGenerator.g.resources:fontsourceselector.baml,DataTrigger_1:System.Windows.DataTrigger.$Content,None,FALSE,TRUE,,#Setter_1;#Setter_2;
Sakura.Tools.Aoe2FontGenerator.g.resources:fontsourceselector.baml,Setter_1:System.Windows.Setter.Property,None,FALSE,FALSE,,UIElement.Visibility
Sakura.Tools.Aoe2FontGenerator.g.resources:fontsourceselector.baml,Setter_1:System.Windows.Setter.Value,None,FALSE,TRUE,,Collapsed
Sakura.Tools.Aoe2FontGenerator.g.resources:fontsourceselector.baml,Setter_2:System.Windows.Setter.Property,None,FALSE,FALSE,,UIElement.Visibility
Sakura.Tools.Aoe2FontGenerator.g.resources:fontsourceselector.baml,Setter_2:System.Windows.Setter.Value,None,FALSE,TRUE,,Visible
Sakura.Tools.Aoe2FontGenerator.g.resources:fontsourceselector.baml,Button_1:System.Windows.Controls.Button.$Content,Button,TRUE,TRUE,,选择系统字体(_P)...
Sakura.Tools.Aoe2FontGenerator.g.resources:fontsourceselector.baml,Button_1:System.Windows.FrameworkElement.Margin,None,FALSE,TRUE,,3
Sakura.Tools.Aoe2FontGenerator.g.resources:fontsourceselector.baml,Button_1:System.Windows.Controls.Grid.Column,None,FALSE,TRUE,,2
Sakura.Tools.Aoe2FontGenerator.g.resources:fontsourceselector.baml,GroupBox_2:System.Windows.Controls.GroupBox.$Content,None,FALSE,TRUE,,#StackPanel_3;
Sakura.Tools.Aoe2FontGenerator.g.resources:fontsourceselector.baml,GroupBox_2:System.Windows.FrameworkElement.Margin,None,FALSE,TRUE,,3
Sakura.Tools.Aoe2FontGenerator.g.resources:fontsourceselector.baml,FileFontRadioButton:System.Windows.Controls.RadioButton.$Content,RadioButton,TRUE,TRUE,,#controls:ImageItem_2;
Sakura.Tools.Aoe2FontGenerator.g.resources:fontsourceselector.baml,controls:ImageItem_2:Sakura.Tools.Aoe2FontGenerator.Controls.ImageItem.$Content,RadioButton,TRUE,TRUE,,0
Sakura.Tools.Aoe2FontGenerator.g.resources:fontsourceselector.baml,controls:ImageItem_2:Sakura.Tools.Aoe2FontGenerator.Controls.ImageItem.Image,RadioButton,TRUE,TRUE,,/Images/OpenFile_16x.png
Sakura.Tools.Aoe2FontGenerator.g.resources:fontsourceselector.baml,controls:ImageItem_2:Sakura.Tools.Aoe2FontGenerator.Controls.ImageItem.Text,RadioButton,TRUE,TRUE,,字体文件
Sakura.Tools.Aoe2FontGenerator.g.resources:fontsourceselector.baml,StackPanel_3:System.Windows.Controls.StackPanel.Orientation,None,FALSE,TRUE,,Vertical
Sakura.Tools.Aoe2FontGenerator.g.resources:fontsourceselector.baml,TextBlock_3:System.Windows.Controls.TextBlock.$Content,Text,TRUE,TRUE,,使用字体文件中的字体。目前受支持的字体文件是 TrueType (*.ttf) 和 OpenType (*.otf) 格式的文件。请注意，不能复合字体文件（一个文件中包含多种字体），否则在生成过程中会发生错误。
Sakura.Tools.Aoe2FontGenerator.g.resources:fontsourceselector.baml,TextBlock_3:System.Windows.FrameworkElement.Margin,None,FALSE,TRUE,,3
Sakura.Tools.Aoe2FontGenerator.g.resources:fontsourceselector.baml,Label_2:System.Windows.Controls.Label.$Content,Label,TRUE,TRUE,,字体文件路径(_F):
Sakura.Tools.Aoe2FontGenerator.g.resources:fontsourceselector.baml,Label_2:System.Windows.FrameworkElement.Margin,None,FALSE,TRUE,,3
Sakura.Tools.Aoe2FontGenerator.g.resources:fontsourceselector.baml,Label_2:System.Windows.Controls.Grid.Column,None,FALSE,TRUE,,0
Sakura.Tools.Aoe2FontGenerator.g.resources:fontsourceselector.baml,TextBox_1:System.Windows.Controls.TextBox.$Content,Text,TRUE,TRUE,,0
Sakura.Tools.Aoe2FontGenerator.g.resources:fontsourceselector.baml,TextBox_1:System.Windows.FrameworkElement.Margin,None,FALSE,TRUE,,3
Sakura.Tools.Aoe2FontGenerator.g.resources:fontsourceselector.baml,TextBox_1:System.Windows.Controls.Grid.Column,None,FALSE,TRUE,,1
Sakura.Tools.Aoe2FontGenerator.g.resources:fontsourceselector.baml,Button_2:System.Windows.Controls.Button.$Content,Button,TRUE,TRUE,,浏览(_B)...
Sakura.Tools.Aoe2FontGenerator.g.resources:fontsourceselector.baml,Button_2:System.Windows.FrameworkElement.Margin,None,FALSE,TRUE,,3
Sakura.Tools.Aoe2FontGenerator.g.resources:fontsourceselector.baml,Button_2:System.Windows.Controls.Grid.Column,None,FALSE,TRUE,,2
